"","ID","Sad","Angry","Anxiety","Depressed","Stressed","Happy","Relexed","Excited"
"1",101,0.0428376468618706,0.0394119339890932,0.0276251193456803,0.0320516286847184,0.023412357290012,0.229026093889893,0.262525609953729,0.251599340756612
"2",102,0.160848379368198,0.0360751765176097,0.0264479849765848,0.0231149348574383,0.0216563268182488,0.156407427897428,0.107411470652274,0.168544700547476
"3",104,0.0652821342713036,0.0899471599304281,0.0259966230027831,0.0967992571461501,0.149911670533647,0.406369306857189,0.372048026296863,0.277045898967443
"4",106,0.128040633034364,0.110545903769796,0.167093156657445,0.118870096449932,0.198120129315252,0.231980501008794,0.259331047754246,0.225697157253218
"5",111,0.11188587784568,0.124032820830553,0.086417369608435,0.115362495310073,0.228029762098721,0.125710801514665,0.181415601003834,0.15491299754214
"6",114,0.0384278951152128,0.0399807859356198,0.025354493641595,0.0420862918957894,0.0527876132889647,0.2291119297902,0.195218915859705,0.297957169536076
"7",115,0.0725238234703992,0.0810841347923314,0.0489439876256601,0.067685488876651,0.110830567147956,0.201642822933667,0.148412682077217,0.213577263008906
"8",116,0.0560648416621724,0.111732580696042,0.0849371070567221,0.158397824751485,0.1283459414132,0.25642266943499,0.215847965584256,0.182235731349646
"9",117,0.0622909896714044,0.085262200647331,0.138877970125271,0.0890939721179716,0.164658686358748,0.14938635051227,0.191418474579566,0.135106580201003
"10",121,0.481841502288869,0.65503208323344,0.12308593620812,0.581211078638116,0.454035697516355,0.336276301368191,0.309818152197945,0.254282894477042
"11",122,0.207491701651297,0.0955481237623206,0.239120248578141,0.212676302669239,0.242696966880342,0.144597089123748,0.127863881529552,0.106154865393775
"12",123,0.331517867514768,0.252412673636557,0.379325759767272,0.336773447635223,0.318301600902876,0.244299157290072,0.274231181922813,0.259813080878558
"13",124,0.0938983803013326,0.0598453082700999,0.010861469787157,0.122767671865521,0.13992528615238,0.2489969583973,0.0839936771697072,0.257475252796261
"14",125,0.123564168287487,0.0534224649787518,0.0359162957792752,0.099517524329283,0.103952954415949,0.262832219792205,0.20360702769832,0.297307528666874
"15",126,0.0987669857261597,0.0288636417621336,0.0324159236209718,0.0800831655306332,0.143138834789024,0.159255493517847,0.216502201413914,0.118464478825233
"16",127,0.400406254580274,0.362057155382019,0.23928248701389,0.340050745193898,0.401470096267299,0.37453256342267,0.365956566645479,0.365503009551944
"17",128,0.113484250248831,0.0654640882565183,0.0880254375117956,0.121079917771723,0.225206143436269,0.118795175658481,0.10320300527266,0.0891774093202484
"18",129,0.0552556194941566,0.0360244966477103,0.0769063212978543,0.0222657770652995,0.302519299379559,0.0898794460101275,0.136851482779656,0.167421866245806
"19",131,0.0592624597948515,0.214877167454761,0.147865567213128,0.053741539486049,0.225820243724285,0.241915858416431,0.261578334699626,0.289914602556262
"20",132,0.151684366143125,0.145885490427163,0.143599402390357,0.0669577143739991,0.264535076938973,0.216787388924363,0.402462692320886,0.295661455087007
"21",133,0.0919390248269661,0.0879400139190277,0.0997741859682781,0.10640866432433,0.202005891511831,0.184766315283021,0.173382755443923,0.153379766374671
"22",134,0.327191507411309,0.304127684972472,0.346674060061191,0.350798740607552,0.349598606366081,0.373894451271488,0.339870211865582,0.326389480757005
"23",135,0.113279353484477,0.0664473182470024,0.0968052626293578,0.0783463175077221,0.232910808101868,0.153364350190429,0.240543121457789,0.203723829304716
"24",136,0.258850840104703,0.230681590354889,0.0849107476293443,0.382301259977758,0.157141486654477,0.276873757674413,0.397461399623463,0.3016266562751
"25",137,0.174303287877603,0.128000910816037,0.266577639236585,0.117341841269783,0.316246913211065,0.36331014900676,0.303213982720939,0.555443341158723
"26",138,0.0365715901108196,0.0518089953083979,0.030336254602865,0.038678007760897,0.0589165500824336,0.196769044053653,0.0890246788847195,0.132680617733247
"27",139,0.0387051406018234,0.0106666723547484,0.0109796406781684,0.0249761681612786,0.142342889796666,0.118838731818092,0.225680523665094,0.105802340361714
"28",140,0.187225803243198,0.295571444818077,0.0524068292526283,0.174871930634174,0.298739113783643,0.192730721684279,0.27030771677442,0.238303891997525
"29",142,0.087152951532235,0.105346516235315,0.100777150650876,0.142421234129947,0.135102054920835,0.249790433200449,0.158667015781429,0.194305096930266
"30",143,0.200987945331981,0.241820202480541,0.27379001232912,0.209996027824585,0.238851523230617,0.218469566158854,0.233378555939864,0.238483722959167
"31",144,0.0650419105611219,0.038858253449355,0.0334818450318307,0.0293420697873244,0.124061247277631,0.132254585554568,0.0976540478947576,0.203834259593006
"32",145,0.178080342518613,0.214798269699455,0.0345177048685533,0.0624133578586274,0.254543258761958,0.215154662125487,0.318752241468454,0.192905948201196
"33",146,0.0719705816576459,0.0994043390777547,0.073982575858203,0.0714619876225476,0.309740482133567,0.215424121574278,0.163283872431773,0.230098584426319
"34",147,0.0475499892515768,0.0274473294927666,0.0179014130524159,0.0273405013824455,0.0779163484856403,0.0683743252142905,0.187956448457672,0.107667638356673
"35",148,0.0547953645358533,0.0641763349954973,0.0230461972161482,0.0435084295746931,0.0900994188739388,0.0834300499273884,0.0906037294156923,0.109541422348597
"36",149,0.159716986047599,0.080844243448417,0.0427054105415147,0.113980204172538,0.158980330667243,0.0908772780049701,0.100978560052371,0.158719673670081
"37",152,0.0278017398635526,0.0193666752682762,0.0141413015531439,0.0197911794815878,0.150632607604452,0.178640630099815,0.185364996216897,0.166517353719071
"38",153,0.115494895759309,0.0630353611202575,0.170300985004625,0.137674344512369,0.103044725565698,0.1744406742265,0.105842796204812,0.178485143244899
"39",154,0.223233846883765,0.172880289029093,0.0711474901707549,0.262178905885237,0.27862157588694,0.28295371417929,0.376320272927805,0.299621877497269
"40",161,0.0291025635708527,0.0896177380359248,0.0380831102419604,0.0531128220372151,0.0807232048562169,0.245725880849767,0.201691801532033,0.149953908352267
"41",162,0.220525420498411,0.233318296953635,0.252226771362602,0.266262513962686,0.28062930363235,0.218035856764791,0.213477287144997,0.368855484151495
"42",163,0.103300846491175,0.185266934545411,0.107735155477992,0.0849538916851678,0.240561443961063,0.15844372994741,0.150801264179638,0.174107710977962
"43",164,0.0465640193629422,0.0563770500076329,0.0476701819147854,0.0678828714071115,0.158194921358477,0.0719607064359285,0.0759578492571427,0.0602648627970432
"44",165,0.0366232955552059,0.0737502784000437,0.0359913418771403,0.0610781640944119,0.192427042751691,0.143352922364124,0.107827060929558,0.161241728563097
"45",166,0.0210604937646567,0.050901866920443,0.028589022658104,0.0209179933345609,0.218882153689685,0.149187530422358,0.0799619481446103,0.208004428490262
"46",167,0.150231837756773,0.0480864050649286,0.0434692440746332,0.224828328487588,0.275357620699506,0.191121017318804,0.258942156831353,0.251004954287565
"47",168,0.146594072862037,0.224271615049755,0.238820457332313,0.321146552554566,0.29366815605338,0.139345772159889,0.24802054964514,0.175876979878476
"48",169,0.00677312526588604,0.00514377915329493,0.00261455533431184,0.00455742543646603,0.0336797171239807,0.0425721006733071,0.0785848802772216,0.110313787642126
"49",170,0.0173305154773667,0.00620567205072389,0.00577982722378518,0.00416618321763393,0.00803831082934433,0.0690696748254067,0.0630391405182401,0.0840959409506022
"50",171,0.0199279792101768,0.0333465843911046,0.0314063404072947,0.031222869634361,0.0578715825433378,0.0555320817837638,0.124948779378732,0.0852629462980361
"51",172,0.204859204371068,0.119174600403929,0.0877582811648934,0.249474064480096,0.265216502120959,0.293955850890601,0.309292289797664,0.365277157997145
"52",173,0.0251196972230238,0.0655195886424316,0.0895734843395009,0.032464395888371,0.106701846930493,0.192480212624325,0.150490782960381,0.193090388970284
"53",174,0.0377142380363234,0.0777814167111699,0.0259262789687163,0.0297335702020679,0.38662114069862,0.101176125562462,0.269897344222507,0.165032189908611
"54",175,0.18244101551615,0.120774421446993,0.112782179189516,0.216010026317501,0.165203978611604,0.193515840902619,0.248469487120618,0.148040852661514
"55",176,0.0654462459215128,0.0501384724327878,0.0321898456938907,0.0306685062058438,0.19043766688466,0.228533039518947,0.214521575214551,0.246581192171374
"56",177,0.322331872959437,0.0827067385021413,0.150394644911464,0.257780128806952,0.177312349946095,0.336854674440385,0.302110052186074,0.250663977277302
"57",178,0.0919726928486179,0.133429523075583,0.0512677818887663,0.0851424002137925,0.214205256679547,0.159368959154577,0.147795059130265,0.154326478105316
"58",179,0.0681739508084822,0.0251411085497575,0.0191005361075864,0.0486379563020796,0.169900987221599,0.094160747523871,0.118479901178292,0.135332452615921
"59",180,0.111808346910118,0.050601451533246,0.0626156370994021,0.0525020240286632,0.143583687934688,0.230260233007248,0.311489988230989,0.281023910993004
"60",181,0.106378766169287,0.0824779679663408,0.0404369260269047,0.0579152306661751,0.133097881613006,0.141075871701774,0.165066657349675,0.2432011420241
"61",183,0.0768249546085324,0.0670578186354764,0.052749462895213,0.0952957747682089,0.318587942253346,0.197857141791236,0.230207690530636,0.215763163689227
"62",191,0.022286684664868,0.0519709619311555,0.0221285353543778,0.0849486477580069,0.108306032671969,0.118899136146099,0.0685708205967254,0.0894759677721429
"63",201,0.0623133648241179,0.142979851842016,0.0397663400696346,0.136085391054015,0.215452960177617,0.154803229932572,0.231503756054453,0.203076663966828
"64",202,0.099662892289646,0.0402197740663814,0.0380081214513659,0.0467669858217413,0.138349291913518,0.103734730296331,0.110580948380484,0.221673452173957
"65",203,0.188984857210301,0.0680415263726048,0.0738281867971784,0.128916752266053,0.194138147896438,0.288877196889365,0.236080060445427,0.25315184930524
"66",204,0.132692275585535,0.0974313935657673,0.165128408734695,0.174353591560982,0.112052427849485,0.196480139148697,0.19379208267535,0.137212811812762
"67",205,0.0873185537351927,0.0349130128917536,0.20291826022731,0.0300794729439443,0.168877781395899,0.243182942687103,0.235576470441771,0.172756134150893
"68",211,0.0622914752180883,0.084656721725259,0.0485459888553325,0.0552304258922934,0.0708634675614732,0.116064536756019,0.155580326612467,0.0796733785979887
"69",213,0.280714260990105,0.293564409301024,0.282912535598246,0.284037151290986,0.149319267222891,0.21218707123849,0.226041768435751,0.194217584997204
"70",215,0.138122107767098,0.078775336036952,0.168086706656203,0.0574897250252267,0.169419877908245,0.118846373043032,0.153410364558258,0.14465030781327
"71",216,0.0341270142136131,0.027025700115166,0.0898124239517343,0.0406498085844223,0.138689487086847,0.103399384984145,0.087938688191064,0.0723183773818098
"72",217,0.0838846423174534,0.0978858384715887,0.102698632081444,0.107013362856212,0.147669376770218,0.187428804799939,0.156799637872947,0.180333609687498
"73",219,0.084817094257781,0.0924017330345498,0.0825023829381363,0.120448756682525,0.134353867819534,0.12289768559109,0.103934967461757,0.112474641539767
"74",221,0.123374735930115,0.123246067209712,0.0653025875878805,0.176551315146343,0.103497631600649,0.235189078176824,0.155241016515462,0.105558354658053
"75",222,0.0728024830019508,0.0960805327460633,0.0439492161181328,0.138225482509571,0.246260172259846,0.160471966353252,0.266965043443227,0.216483539366292
"76",223,0.0834881996570508,0.0458568787185002,0.0123970209703246,0.0585789548391137,0.145738360154041,0.0895154133825492,0.140370424726537,0.193765577594019
"77",224,0.387495941293811,0.151506634704964,0.11285732740329,0.268159224349925,0.253822936838657,0.361533417595244,0.296341614808813,0.25049669831905
"78",225,0.0834307346424127,0.0260429059273239,0.0238918234306754,0.0235014899545428,0.228346404897164,0.098013418628163,0.271333776626065,0.189075957996128
"79",226,0.266697288514307,0.133573330212365,0.27691618387367,0.076410939876636,0.243609485914023,0.0916810076790491,0.20126352199685,0.0717454884160248
"80",229,0.090617766838685,0.138539896599139,0.0255062668895556,0.0707046836426547,0.0887290798370497,0.124145898352819,0.138187735206248,0.390907265176478
"81",230,0.106466376137797,0.0353099125483674,0.0413524438290239,0.0615172498936715,0.279058937994625,0.228179019280219,0.289769424985315,0.167061850926227
"82",231,0.0366997710840603,0.0129036828592411,0.016792200710296,0.0180843986594382,0.138237853335363,0.0811366122748403,0.126843565796597,0.0901579523303671
"83",232,0.158432404146586,0.20309786120413,0.234244617170923,0.268715284716371,0.243992466565884,0.207211281341779,0.341247924055459,0.182404973612665
"84",233,0.275878265255896,0.284636658568065,0.201890328636992,0.143295807650559,0.298961550478691,0.160398741955782,0.255524033235063,0.102158622590966
"85",234,0.0212377078133414,0.037926273261838,0.02426462747841,0.031935774474136,0.0885164537659977,0.0460463432039696,0.104781621259202,0.0987483588072254
"86",235,0.143858782359028,0.146563474612525,0.142849026419776,0.164475838789255,0.191803412634758,0.107064831518742,0.116301622488521,0.111889835707025
"87",236,0.281878659974557,0.321880033761246,0.208713129214657,0.0852825169641374,0.280959953735628,0.148410080837962,0.288829450842584,0.167576365855567
"88",237,0.02876584246903,0.121160349408515,0.00286008464444228,0.0280508798897711,0.353520424619096,0.158438743371637,0.212675432091539,0.196693624188402
"89",238,0.0516054483976567,0.0423853658845847,0.0366453269733306,0.0748523857052445,0.113788006499174,0.0794811784162986,0.128062642267171,0.0603238630716576
"90",241,0.0631649201740132,0.0294336152953889,0.0286948186566399,0.076167271868781,0.11457562451757,0.120831228062226,0.199011958047256,0.124327810593197
"91",245,0.11187273972288,0.076501653736619,0.168961411659116,0.181598706149238,0.168018447004377,0.14217562512039,0.173607245216435,0.224103381512856
"92",246,0.128964364523729,0.135290293561059,0.0914366900113296,0.0604512558974364,0.220376049295606,0.11780985085044,0.191159100178241,0.102014646401575
"93",247,0.135487633477598,0.0535959489507149,0.0300570275767361,0.080198823559201,0.23887487051711,0.244135394887641,0.235658745539474,0.277535750402267
"94",248,0.161720949824625,0.146079263340527,0.133423022102254,0.130825342597998,0.18843883680349,0.158659145527706,0.130783632848061,0.22321810397154
"95",249,0.0879912683822486,0.0853203898837006,0.0233078235294549,0.0419247645734972,0.113634524608587,0.0998793528241496,0.22075842201066,0.221803876902809
"96",251,0.0208611168182043,0.0215106305243434,0.0197925395658441,0.0199303336397057,0.14074798839272,0.0698744666576728,0.122588997836258,0.0616516147228684
"97",252,0.0372287792050112,0.0466399477861071,0.00840545000799754,0.00430439170049418,0.16657337572056,0.0407246247502524,0.133542035149173,0.0350273368038806
"98",254,0.129925013174015,0.054677320391235,0.0658541473338577,0.092562474530321,0.250133878320529,0.192300170510725,0.295359829867972,0.191254354225705
"99",255,0.233289198322169,0.22110636682682,0.132950282441206,0.176782699781179,0.154977006491294,0.229848580992756,0.319661501104591,0.274601746844365
"100",256,3.73387782029275,16.5682446600718,15.3779739061426,0.0457307319796387,60.4012258355542,61.8174259690273,59.8770441899551,32.4103391616921
"101",257,0.0388726918140187,0.071316504603322,0.024471181028702,0.0443932488864973,0.297619767299627,0.0670253882459912,0.123947405551301,0.0863547052217662
"102",258,0.121788893770252,0.165237963155619,0.165487923173912,0.194836529070767,0.175316790611768,0.145023049871839,0.114932290240129,0.150087682060698
"103",261,0.0892952854189182,0.0765236253025722,0.0709628958887538,0.0864666886556482,0.151608302191097,0.180988678885386,0.0976643794298039,0.184852489119964
"104",262,0.210570445676879,0.108129238943098,0.117730586839226,0.186627121191956,0.221058735756861,0.184174661730228,0.186428763828061,0.192912258631243
"105",263,0.073847336179198,0.0820313847260356,0.0346369657383181,0.0575282747860322,0.0663931740959442,0.216485052691786,0.124603038630932,0.284815289738598
"106",264,0.12468675354289,0.10176054570156,0.0648774827451077,0.0787272609440515,0.129529358030953,0.125850752156896,0.127841051894354,0.0840552401434381
"107",266,0.171597626803364,0.13866962537015,0.0886058537044326,0.204148065339439,0.266988577979277,0.282765291658908,0.275988741490871,0.263956289408325
"108",269,0.244445998282993,0.154826848764269,0.186252810486019,0.129792075603695,0.243761714508502,0.176941586029184,0.212860379204072,0.188861732402794
"109",270,0.144671128549972,0.0605615745511844,0.108290645902059,0.206944474732303,0.246089912909914,0.170019871669428,0.205244999195516,0.3124173672303
"110",277,0.00302595289532929,0.00948637518174999,0.00671681854506487,0.00768840086182246,0.174713506223729,0.145155675795006,0.204497894278217,0.16806416738966
"111",278,0.081969474519282,0.100493162819229,0.0510516090557278,0.0704407453826047,0.111195981513924,0.123312166911028,0.237314162130799,0.189532308743164
"112",279,0.0919036087131369,0.0331162587393212,0.178181300289783,0.0797650394754042,0.271734388611492,0.163887945201612,0.296141957249884,0.252963034266499
"113",280,0.0189635582109816,0.0118713114640818,0.0292665072124532,0.0216299386937492,0.128357808316306,0.162702221488339,0.149365152616458,0.119445068617542
"114",281,0.127064742096033,0.0500334919292893,0.0337929070397122,0.151462108986967,0.132780761409318,0.13561707009358,0.17537344320965,0.157516362686567
"115",282,0.183885207814931,0.269126318503589,0.222596745789445,0.163871693703434,0.225279062454768,0.182159846368786,0.166882388495388,0.197723835058359
"116",283,0.0505940566699326,0.284967675863358,0.0678521452399518,0.0522026523357156,0.251994023269815,0.238770827272675,0.25280890795517,0.200475163708654
"117",284,0.0330675771674496,0.0290066054026868,0.0664584452788796,0.0944240794248465,0.167096381224797,0.193559884497704,0.130581718250993,0.151442545198706
"118",285,0.0868704612258921,0.0543854773855985,0.0638211333164403,0.0318324440905585,0.192655432560278,0.139161822325155,0.178583644473484,0.219520541478768
"119",286,0.0182965350615902,0.0263606003077561,0.0271435646465832,0.0302296565203391,0.0190253350935117,0.0774471651136613,0.108758087946396,0.1855571063639
"120",287,0.0657883152491487,0.122111268517195,0.0718824139841466,0.136582808057495,0.125968030593379,0.188330233513083,0.226928278907009,0.20627537423939
"121",288,0.00478163502152367,0.0330313916445757,0.000260783770706769,0.00687494467276583,0.0848014073082579,0.0889556735213114,0.12719995864925,0.0943990310437431
"122",289,0.0676529806420287,0.0589220002794881,0.0586046571193602,0.133593500748934,0.0930058500560212,0.0694760296254595,0.0578532017065005,0.0587122950557292
"123",290,0.175175476597488,0.117459013222991,0.187720298844408,0.219640390884071,0.193212310068403,0.220693612853046,0.216709032197129,0.18446241258935
"124",293,0.205772913698238,0.224588540751898,0.171431515095775,0.304040438097432,0.18087942981683,0.216161498278442,0.220412142515071,0.233324652715798
"125",294,0.0404877083714397,0.18345043682786,0.0439815313682684,0.0339926027279214,0.130180352423406,0.213113540757861,0.187028688127808,0.190818394756507
"126",295,0.0392670928482462,0.034737728493181,0.0314873184010357,0.0487995148177,0.170704356663688,0.140350741987322,0.119270502214518,0.205632934994819
"127",296,0.162614165744647,0.0420466084916787,0.12189128818136,0.0395896894711524,0.40583276131155,0.221933287966412,0.249484103552362,0.400531026534998
"128",297,0.116851184475228,0.0912042123598144,0.0909118654506173,0.0860879588789076,0.157056209487209,0.0898072769055315,0.25896212699413,0.282649739252009
"129",298,0.0439335096332117,0.0418669632169075,0.0293127863365992,0.0202571696628438,0.0543530171225428,0.157894600845037,0.190041553155672,0.2379404753259
"130",299,0.0374905185002732,0.0548324587261043,0.039915427089805,0.0459748183058472,0.149694199222987,0.165086750642336,0.180103100760962,0.210660533124631
"131",301,0.106213207714761,0.12511292016771,0.118031479066893,0.114848285717271,0.594038288936719,0.741469578854298,1.29145701776133,0.353746611174347
"132",302,0.218244685217299,0.187885936811843,0.0949037121389922,0.0278160042543627,0.348553019707089,0.318636920539221,0.302568163018353,0.322251428065279
"133",303,0.0547607479629558,0.0288484521589034,0.0258853553586481,0.0278891233864294,0.0651990659377064,0.22109094102773,0.238351855218993,0.182400479384356
"134",304,0.123810061261836,0.109182165695789,0.128229778088169,0.101285009316268,0.144373584428704,0.159202514339627,0.184791453710354,0.147460312124262
"135",305,0.0666867879854333,0.325737073753638,0.0402754947595974,0.0658222771113927,0.214576229291979,0.295734959669573,0.240578180646407,0.240736404668524
"136",309,0.0945920782403646,0.207525183887125,0.194578471754414,0.0411736641738679,0.202823335901021,0.15344693735306,0.144395323283986,0.105816404814344
"137",310,0.14293615274988,0.110584838051894,0.136098909190884,0.185949944771533,0.213887456471266,0.176735102229281,0.204431282854515,0.298556461527794
"138",311,0.115052861187422,0.0354344707615674,0.0292862376657729,0.109633858077624,0.329307385805775,0.156472299091793,0.339076501977651,0.246577005997342
"139",312,0.133722024636226,0.205259578524791,0.110897128165605,0.111665454155926,0.113588006558406,0.231571848154394,0.266745598230713,0.221675000758105
"140",313,0.130658562035197,0.105839686469357,0.0626482282216079,0.144952274655211,0.11409299895042,0.135695240639934,0.2005603759195,0.147700266270979
"141",315,0.14473462926115,0.0678746021524897,0.0798582451528232,0.0372132784218747,0.0742001096235975,0.176072150808939,0.11407895795246,0.150805192695302
"142",317,0.136541439329023,0.17123919877049,0.225564230341787,0.177899058040977,0.15847220643991,0.145082728723456,0.130284995128211,0.134161263658573
"143",319,0.0531956761500233,0.119836991244003,0.235108636625974,0.082463436356186,0.202214872681863,0.168381963386201,0.152836693287718,0.192126384378137
"144",320,0.185995388818747,0.121163345832174,0.209043333572226,0.184773260456261,0.250153373289673,0.193297052777904,0.193388367700635,0.162054845817554
"145",321,0.195940699569688,0.00987304022903584,0.013188262031497,0.00663973743522131,0.271035977810745,0.248195042475992,0.212341016707543,0.279791103270452
"146",323,0.185691927869506,0.149684459392571,0.129144820872068,0.212044282606895,0.211631666744347,0.248388388735498,0.21352445770139,0.237620632608797
"147",324,0.099723139118408,0.187043163119756,0.10658382160354,0.132398013159933,0.176640299456147,0.246857037634389,0.248727197544218,0.235295227003978
"148",325,0.132638213296566,0.157375146845605,0.137767687863368,0.110523179733432,0.281925239794811,0.1742538979838,0.287942122113034,0.245992460182803
"149",326,0.153828926901771,0.200843144175921,0.0226415519817863,0.196662978502617,0.470200978525069,0.232045507088535,0.402069050724655,0.282834434717725
"150",327,0.110829437457284,0.0464026615737134,0.127159675972456,0.1231610775959,0.292394066503917,0.0912320817969982,0.157607602044032,0.199320013282143
"151",341,0.0747038071995539,0.0713050785494319,0.0455875420846281,0.117713481972946,0.170368354083818,0.0770455916710075,0.134261094645027,0.131296643438983
"152",342,0.0477934974448358,0.0631038502217087,0.0390110762878939,0.0444738562266257,0.18482967232294,0.121064858600965,0.138510116084054,0.0899751813332238
"153",343,0.0346479145669649,0.0725364916199393,0.134076108863804,0.0456193246278849,0.219824869835636,0.0555270618638108,0.180369805007504,0.138345802726052
"154",344,0.118035948991509,0.415499506036672,0.0224614493360749,0.0240001011543961,0.150400993636988,0.0749078205600149,0.313817576852049,0.125770741649419
"155",345,0.274923780433309,0.224275242978042,0.124775299579702,0.154536072132604,0.307936035253974,0.242190359215897,0.278317575336234,0.304011007969592
"156",346,0.0290922215818935,0.0412452182687093,0.0316004538407611,0.0413085146749938,0.110413601553111,0.0565408872891766,0.135936204356605,0.131557037181799
"157",347,0.0682611882514344,0.0491103101886079,0.053247131915347,0.0903821581822796,0.112674079930257,0.161544496933736,0.197341646440822,0.108125444793153
"158",348,0.0885205247815351,0.16111040564882,0.0584595112008666,0.197511193737097,0.20435883592924,0.157596350490965,0.140382983692258,0.166448839946987
"159",349,0.188675903842308,0.154219668850128,0.174640011151649,0.17002628078691,0.203548298407265,0.143095765465884,0.302989389367913,0.145253610720522
"160",350,0.292117309665479,0.0408347363617249,0.12641329796002,0.211485497453225,0.238245586673772,0.172471733472566,0.168154285981845,0.185160680054993
"161",351,0.0898256241997832,0.107198483912067,0.0691172501680465,0.101780241948429,0.142486797028995,0.123772563098369,0.208889507153973,0.216262753174949
"162",352,0.050497562507572,0.154082357102711,0.0622262149157315,0.039435587945992,0.179184309705961,0.248638699716416,0.33890021373441,0.368822876714622
"163",353,0.113501715538023,0.145597483343513,0.172442940090886,0.136238763435112,0.109484825891533,0.09640685616273,0.130576042381211,0.101634027178198
"164",354,0.145010749220105,0.178792064037398,0.260903005429354,0.305034810024562,0.104929697627775,0.262235478515942,0.277041181254453,0.310236670578221
"165",355,0.0486573613558232,0.0839707436669567,0.0296694539467145,0.0398680363059778,0.106169935426203,0.195973783580825,0.100232938353211,0.0873676985775881
"166",356,0.0512195143717335,0.115690098691005,0.0569847886011879,0.0351793554987886,0.0561489572825235,0.163392549240698,0.219114631400232,0.207112137347843
"167",357,0.0345335733093857,0.0635678923818527,0.0438539158498392,0.0924460433938294,0.122544004160146,0.295862035413718,0.159336661347991,0.204691005665339
"168",358,0.0730576449594972,0.0643922759707812,0.0524101548813958,0.0518219348126603,0.135004257152629,0.207654211722736,0.20868488147931,0.214278941119383
"169",359,0.0667479390517444,0.132607086957089,0.0643956790882203,0.0938200597119453,0.069328374495915,0.140121586467789,0.173531627992492,0.13126975448841
"170",360,0.0534275848393095,0.0688910650723056,0.0344506043678084,0.0449536313263872,0.0582933791822462,0.0632147867538902,0.0704522167647389,0.136946569196886
"171",361,0.0424399396701397,0.0526337092785604,0.0677521655232058,0.0644752866065638,0.133401301932662,0.162656436128083,0.0793449463433484,0.241056208224367
"172",365,0.27403024596777,0.304364753294278,0.152455093254083,0.191087884695137,0.245922893897444,0.229419581809787,0.317549953271452,0.250093559886921
"173",366,0.168198345373827,0.149284244654386,0.190586176008449,0.0970166352213802,0.25174618953844,0.252580619552407,0.235950681039846,0.276852784215589
"174",367,0.247266796951898,0.144559102520765,0.210648605706209,0.207641699885735,0.259925784632141,0.187110798828587,0.177609405223021,0.224643340100565
"175",368,0.0921983588840238,0.0854602467031195,0.0546539653120513,0.0504867955381783,0.297292675828828,0.276000474109278,0.17821928593369,0.267587251684861
"176",369,0.0630014405623843,0.0121195790348415,0.0180648607921504,0.0365862671890138,0.194056701860471,0.176414583708933,0.221502841036805,0.276183154953668
"177",370,0.215570347209132,0.119546066280709,0.0648492546705798,0.113562822529768,0.166362088920085,0.232623031254905,0.22763493739195,0.216956971727558
"178",371,0.0274992248629439,0.0362926851046164,0.0122819718551304,0.047273308530262,0.183536444724599,0.182332724223543,0.196497249040662,0.191288324527643
"179",372,0.0503850143016393,0.0129981183192582,0.0289942168850514,0.0346139193190015,0.151845115920493,0.0810636665139112,0.167196704316318,0.110859094864262
"180",373,0.0958128047723342,0.146030182032246,0.154229776426354,0.180800955186568,0.293098072289508,0.24448220699629,0.256463873971179,0.158869242355967
"181",374,0.0716982306827313,0.0743817046988719,0.0432537262932117,0.0539678287446244,0.0908887108386676,0.218250270138539,0.238221075334887,0.206277768493478
"182",375,0.139051602482585,0.321042759968293,0.161483270398056,0.0928501539465449,0.275012251992398,0.202101555952969,0.133346401350144,0.126185708364384
"183",376,0.27013979139473,0.0852630894043525,0.147996463317651,0.146558003691593,0.18044220118397,0.255177239854332,0.0807657694171337,0.369075759062064
"184",377,0.254818961732705,0.0804065737215136,0.203390204118334,0.179605707899631,0.0964180468837452,0.151776928908932,0.172332477839572,0.1665654048451
"185",378,0.143779251764358,0.14526584960488,0.15443083330726,0.067175204102836,0.190367760443901,0.0752475625630597,0.254857930878372,0.208371106790807
"186",379,0.0793535922939684,0.0842766341130739,0.0587454638237866,0.0772711104681446,0.166184378353369,0.147651779003266,0.149217291065129,0.198951195914876
"187",380,0.0643695402004421,0.168108041214892,0.0332191126396598,0.0486854487727128,0.137475978308072,0.232023890710009,0.15042712877654,0.219827192054986
"188",382,0.105378692767007,0.0500803818247191,0.136661592094625,0.0852566611126951,0.23091761480142,0.170479067522214,0.244462052058576,0.257706590727644
"189",383,0.173814969134297,0.163272822357622,0.0594303784906852,0.17022839853466,0.179393816421238,0.207342224261722,0.168173223206183,0.17924377753322
"190",384,0.0587260439584956,0.0673971527231272,0.0579842944879724,0.0547319834974644,0.0793168742163383,0.0737369025958521,0.0743056950611231,0.0959567715860833
"191",385,0.082439340931661,0.230380509249849,0.0282406609793913,0.0484145943853064,0.106006114339598,0.239314020683061,0.220513184908751,0.270565432034296
"192",386,0.0866970565785943,0.0976124830852619,0.0561795091692293,0.131081897640564,0.049392413229473,0.13557857321482,0.138241431510094,0.133845377864136
"193",387,0.0728516563764094,0.163339014677258,0.0629653368617004,0.0981448349132754,0.106239239638416,0.134060425246153,0.162451876242694,0.348993910643001
"194",388,0.0452272635100711,0.0567109902035377,0.0500436262947468,0.0660336971287571,0.0527065207125205,0.0433566046317259,0.293629202371616,0.0902658706956931
"195",389,0.0164673419307643,0.0326992327132545,0.000471534126287804,0.00563076131601563,0.062030736101177,0.0155226596134098,0.0656196907196453,0.00595670233778144
"196",390,0.0323774841845326,0.00652798885142098,0.00527390445029937,0.0287646575716028,0.140336232255006,0.0278002024083141,0.095710589639932,0.0702333652088119
"197",391,0.19092644355754,0.130688974706204,0.10364387222474,0.175763471829449,0.120963598553247,0.173156957462048,0.162959809539661,0.156618933590818
"198",393,0.0993196103089686,0.0948770558616817,0.0984447726394702,0.126401851910593,0.0998626687117693,0.210942086184132,0.320854738080843,0.176745236748112
"199",394,0.189324643313136,0.0942280640413175,0.152410740106992,0.152327949839883,0.15451789609705,0.197595927321151,0.187500524889987,0.252399944011133
"200",801,0.0329366391949777,0.0706074137694051,0.00659603467001139,0.145497989897582,0.0821032530608643,0.0507263194622859,0.106369227690081,0.182903947055721
