"","ID","Proud","Success","Superior","Angry","Envious","Resentful","Ashamed","Insecure","Enthusiastic","Relaxed","Anxious","Sad"
"1",1,0.17569227600428,0.157987791346037,0.0526746890395216,0.13020083908365,0.0765859271554253,0.0534522483824849,0.0648593934173481,0.1557632405942,0.224282996262984,0.138402362507724,0.0552878805520349,0.0186935351219865
"2",2,0.204364647814753,0.250429094334923,0.0542668428929605,0.191197353747054,0.0529826076632256,0,0.162453591392355,0.182111207639735,0.19299037506305,0.188389496542605,0.0859054620645197,0.099862215635145
"3",3,0.353697844875491,0.336228461588427,0,0.106529342708101,0,0.0606347538650631,0,0.0902590158151068,0.271299181643827,0.193468597318527,0.0488339286159737,0.0565545116277306
"4",4,0.302912945982721,0.271150619455211,0.206074996003989,0.222094040401289,0.0687652389726796,0.130088554725242,0.312066489987255,0.219108809561442,0.335144595969838,0.278770302718589,0.200747871826792,0.245611791875467
"5",5,0.208479287429452,0.218498111587985,0.032444780051377,0.0975987968434096,0.0368250322042228,0.0651547275749696,0.102521130966583,0.151233908343649,0.141920537333773,0.267282470135999,0.0778753862409705,0.123510457613189
"6",6,0.241493554956917,0.317343860116389,0.127991162447329,0.11557820604942,0.0593817203690214,0.0659556478682777,0.150380551779403,0.234415326318631,0.232638087304056,0.180997509536333,0.170089396092797,0.130879631440771
"7",7,0.184144948000951,0.24954322690871,0.156805044567924,0.0635181179830534,0,0,0.0398838425054427,0.133701550171947,0.25092960156152,0.221567451568012,0.0910372446646778,0.120417371582043
"8",8,0.487194878959543,0.44811843444559,0,0.101596254910115,0.103411901912902,0.131465935736799,0.163501523918658,0.228693627173363,0.352828716069643,0.312582937522522,0.0515498254090343,0.0837022175834031
"9",9,0.385961602938009,0.440362371245446,0.282535339832731,0.481077515493899,0.12566627821056,0.121328921784752,0.507622219255112,0.1853106792729,0.395607789577861,0.39004468166242,0.392043023992126,0.244757914418798
"10",10,0.150738327697619,0.15573213740924,0.0301866943038989,0.195651637954086,0.00881081306402285,0.0739546186896722,0.126358049895209,0.160527923044261,0.318241478225774,0.196942222095142,0.102428705482157,0.126588428236482
"11",11,0.112600944999971,0.177666479746657,0.0714611373026616,0.0483459994451491,0.00350527043472503,0.016573638094424,0.0132655585669201,0.0759301608660118,0.136810687485111,0.120999251832058,0.008578991243604,0.0171952412910594
"12",12,0.149053434404035,0.149362084798692,0.222196446882599,0.0605830658888408,0.0154613579740202,0.0673863116883906,0.0805412176544769,0.124966459695698,0.209325806969379,0.230202650262797,0.104791969664969,0.0857038117849166
"13",13,0.146169657234857,0.189614370836515,0.393671410179001,0.098530914696342,0.00803987486469235,0.00811482894441036,0.0377257746849929,0.206329468781771,0.261131555177192,0.300464753527892,0.023358968202598,0.00620356185749507
"14",14,0.286352147150693,0.321128414589095,0.138704044348855,0.275320021123594,0.1962650227325,0.0986885480094317,0.304279719323245,0.369778404154805,0.374374867350086,0.208114305964052,0.289605965013439,0.154006982121097
"15",15,0.290535233965233,0.298334386423129,0.136647793976816,0.209915700422851,0.117052174551976,0.0460688110747691,0.183022520181937,0.138271736273056,0.239085336742162,0.134027809914532,0.126557973026499,0.115512514117166
"16",16,0.192830427681316,0.173716240294209,0.0864939737422527,0.0252884059459289,0.00583065270411864,0,0.00613429646569943,0.00957635507518606,0.198975760941493,0.138358176086017,0,0.0130818692594735
"17",17,0.19759059348992,0.263852743632745,0.0536815189108466,0.363177025626601,0.363936969079922,0.281705943673355,0.427281897099819,0.44165823580087,0.192517323215885,0.341914457353901,0.390613888421671,0.373961656232876
"18",18,0.178968389294179,0.166510126301026,0.100932003674796,0.16339783539573,0.107892768913894,0.0169368088648618,0.184208954937601,0.206730357681835,0.0995272775960094,0.157137632850768,0.0934651692612944,0.0879166414168483
"19",19,0.457307103110893,0.33281881678284,0.190456724242655,0.18679888237438,0.136460563880384,0.0847893431632298,0.233462496550579,0.300899831398701,0.298108145936644,0.312687535970376,0.222426429563107,0.368140974456411
"20",20,0.141708825635255,0.145511872567678,0.116823014341175,0.0665266857922268,0.0302813437690965,0.0201524393716044,0.0582219587376138,0.201805396149017,0.220315200841006,0.116659056933794,0.0712481369920624,0.165929386309479
"21",21,0.121080427423557,0.114432483290854,0.0743075464155476,0.0739851021582504,0,0.00263649978761235,0.0046896619104755,0.134502880930765,0.144303060754869,0.283576059220295,6.86076569982791e-18,0.00493438696542566
"22",22,0.189914501983105,0.286158035610114,0.00651771579246703,0.0426661249148605,0.00884086732992738,0.0396496680364852,0.0245825582147352,0.191447531777991,0.349172452338748,0.324745114308461,0.0534430734424624,0.0688581523005653
"23",23,0.844760562451698,0.995042484521952,0.658735118613661,0.340724405522134,0,0.288150400323706,0.0249418910039458,0.0545914545858658,0.895301533967908,0.547704418696234,0.451906832499943,0.329933101869051
"24",24,0.366041512499614,0.329888150965477,0.21191960975767,0.232118633667805,0.00477303969155616,0.0369001143236047,0.0262049141896925,0.119934573150082,0.287710484940756,0.349546540534358,0.0451049312715864,0.0536606624479557
"25",25,0.188193512673822,0.182998826381293,0.212483964700464,0.218487816794626,0.219038326493001,0.0490769856258617,0.212710712620476,0.263477191680612,0.28322901867272,0.242401591269387,0.149203860997313,0.29119373301526
"26",26,0.19796607689392,0.241899657702965,0.126958423330419,0.183649462626804,0.068222726788356,0.112361306822488,0.223027976350068,0.259646535556025,0.264278108832285,0.201142726000843,0.148158674213361,0.16646183153918
"27",27,0.187236909952655,0.152536382882895,0.146607928996688,0.149531453463383,0.100532509934233,0,0.187823866376318,0.258404917061054,0.170775837865901,0.122340037207708,0.154481054631307,0.199769096082265
"28",28,0.265387339968934,0.273037546799154,0.0253835500657715,0.0809891537955963,0,0,0,0.107606753075933,0.312985093373617,0.232350683816835,0.103017904348442,0.00827627035494543
"29",29,0.256315662870595,0.260676806276981,0.268365420530774,0.28966666607046,0.240422470575995,0.22285083442019,0.287663358903793,0.275612332825049,0.247706819293852,0.173757508731138,0.245994275039264,0.288040926093563
"30",30,0.199208420591365,0.182027154877572,0.256542081794338,0.273596147099733,0.163459261251099,0.219254367062419,0.269911646880962,0.253521999398871,0.279236029324648,0.239960562251055,0.148615101128721,0.224929559479507
"31",31,0.331409041566765,0.14972621854765,0.097896579427069,0.101048335325727,0,0,0,0,0.2119632256258,0.235491465620762,0,0
"32",32,0.251959657156543,0.200491862925948,0.180813798626978,0.208948712376516,0.060515215734049,0.140545266553537,0.0318505306235135,0.154671857290464,0.233383031130158,0.162265152543289,0.110873576019156,0.0947727349333508
"33",33,0.268375584732448,0.224830369736093,0.220677284626446,0.33074012070782,0.228674808312026,0.054605972126348,0.260360653997332,0.423791650386702,0.306116838186049,0.203496857976485,0.32681985894473,0.123585147315817
"34",34,0.38214613673496,0.332798203055472,0.241673198825447,0.302596918621945,0.00960752075320102,0,0.254349224470359,0.23487085745709,0.456241672790937,0.308083763442603,0.0556827638552772,0.0855883101117308
"35",35,0.115688213117094,0.0957493175269889,0.0314910261593912,0.0991643410216149,0.00665585910892299,0.00305040258403469,0.0453585134026746,0.045456609764993,0.117599284835248,0.217072361512409,0.019346716688625,0.0994943761497983
"36",36,0.257544504895289,0.301568225488121,0.11312641599065,0.124167701647164,0.104684445152686,0.00656161052462621,0.105155766596357,0.0741371420489313,0.165541563338999,0.271930030369602,0.0515721329140212,0.185381218783133
"37",37,0.0758077523746595,0.0434270657825893,0.00603596268956747,0.0940635801510052,0.0106501399486475,0.00751006497140749,0.0981176940553682,0.213809861607797,0.109597757053408,0.280119760805334,0.136233657549829,0.292338098865002
"38",38,0.479790721100191,0.452612811701869,0.372825444931492,0.340162789990442,0.159975442510271,0.35863067271444,0.243582908764197,0.328029882413823,0.503767787587646,0.508244041799175,0.425354897884781,0.221245828091761
"39",39,0.347586583578536,0.325556186028243,0.222957593292401,0.122042518308966,0.0890659563756098,0.148336170087874,0.113901026127809,0.227473443540475,0.240139307199062,0.191372552411284,0.106196254169075,0.19511675924427
"40",40,0.277200326193897,0.288554061567488,0.205947559345958,0.22916010128471,0.167117116571856,0.118081459599725,0.316512416092098,0.258147926108776,0.268593254803269,0.244441608338576,0.193491649338759,0.196569694829651
"41",41,0.27584266499412,0.302986370203128,0.230444259116792,0.258533212078731,0.0165361061363064,0.0184653126166314,0.0824335769897609,0.149105874814868,0.302497234992864,0.24705235762128,0.122815192725509,0.227630936146774
"42",42,0.107155349887249,0.102487177109297,0.0523246948919922,0.0742372897697517,0.0292067228118251,0,0,0.260646471285314,0.218146967962236,0.232136377733751,0.0326679143511457,0.0146033614059125
"43",43,0.0835238314809975,0.223360397828809,0.0664860103386171,0.0614127330479803,0,0,0.00482210064194062,0.0841776484208735,0.17443858287344,0.124090754802935,0.15609055235637,0.0473010336407157
"44",44,0.167493887255033,0.238964117631846,0.00318293176842522,0.0123634084332014,0,0,0,0.160839855212706,0.00318293176842522,0.365895820255429,0.00954879530527566,0.205615954441314
"45",45,0.482775769511321,0.622404774517018,0.0755283438016736,0.0745857935259237,0,0,0.0933474276227451,0.136057063398205,0.519464456752471,0.343628035563951,0.0424058164306542,0.120477369405832
"46",46,0.554538656677209,0.550553430501173,0.215544335400774,0.0582689286543351,0.115325752222002,0.143084200260589,0.145959090944256,0.256555963034988,0.33225665200209,0.184035438291103,0.173846031091465,0.0360345359725155
"47",47,0.418332760103974,0.29472945816143,0.160299548837252,0.318748720669041,0.237510400922467,0.31351315679817,0.22743219372029,0.32731832199293,0.482381261464841,0.379173456336982,0.125102655763231,0.21775609213689
"48",48,0.141554959939034,0.141493207247345,0.0979662558390834,0.0742160502635523,0.0390113158732077,0.0274374551119483,0.0667755481775777,0.0930679035976747,0.162975189535859,0.211048298115765,0.0274374551119483,0.0274374551119483
"49",49,0.165712018555804,0.0924000103967523,0.0280827435430116,0.0401456636115619,0.0102207864877484,0,0,0.041753320437997,0.178248423149347,0.107060619379365,0.0439344168350228,0
"50",50,0.316110455287412,0.296168352676359,0.0557889582499667,0.249766193704662,0.0784999726814261,0.0453607127280585,0.158419622865631,0.203038847709781,0.357726156344844,0.435484372355646,0.198280229428456,0.275119729614106
"51",51,0.292706361548673,0.267434849317864,0.0402509825283278,0.0180569114485221,0.0153473088381675,0,0.0039441505715976,0.0170920363309225,0.127598422972279,0.0520700205893003,0.00462779332937068,0.0231171289150833
"52",52,0.16306131697508,0.173009678324114,0.204408048406796,0.0953562235557521,0.100742528924062,0.0688401040078707,0.0839684902712608,0.148777806271584,0.154455077214377,0.141604656865523,0.132572894611618,0.145386092501414
"53",53,0.26429578034419,0.165648039137546,0.0301629055894567,0.0638734326057978,0.0080961725484803,0.0281764084265761,0.0607664362173251,0.0574612364405058,0.13970043744089,0.113571334087868,0.0278333549351207,0.051942553514006
"54",54,0.269677558016913,0.180465473347955,0.0464230586349413,0.043968532584613,0.105029833468013,0,0.00651719190038988,0.0754682669856817,0.197238008323023,0.25237603044236,0.00799755446809421,0.0801318613596127
"55",55,0.141507539340093,0.14645025359751,0.111607319657787,0.0808102806929032,0.00340889392229511,0.0408248290463863,0.116113300873889,0.14891177012256,0.269188834015127,0.190600823714286,0.102517828280474,0.0613347897298589
"56",56,0.211314267198051,0.31459016735777,0.123619698687372,0.0665587881920092,0.044345036179089,0.170540133175689,0.0838059485447402,0.222692162727563,0.408562900695925,0.219968368696728,0.128184757057572,0.110483450778174
"57",57,0.11723423334953,0.0944692946028032,0.14805321283577,0.0849011534469189,0,0,0.0948905011229564,0.247284767330163,0.225817497059339,0.166778720168731,0.153395758898164,0.22270659364253
"58",58,0.0130410619555951,0.0346231703144707,0.00553225393792461,0.1455810484648,0.0877991130438306,0.0235749697291178,0.14498325694489,0.128513034173337,0.0973843251181559,0.132856125738428,0.101044789971217,0.16820556174362
"59",59,0.166233219593339,0.142475909865866,0.216070486354279,0.211648350614137,0.152337940229507,0.0667797337390016,0.149643650296912,0.165116087753476,0.189094086665498,0.116747887851748,0.139087146417989,0.109192970977708
"60",60,0.245970002681641,0.325238504529144,0.142852610055271,0.340733751625135,0.204619471725292,0.249761669018541,0.162748868820171,0.261388324889481,0.317409444027708,0.274428113052266,0.321199946918713,0.346979434032013
"61",61,0.188895326130845,0.198238020315393,0.0885368358348714,0.113104255932216,0.167086816999855,0.118585393074003,0.115204352063994,0.187969375954295,0.234122265218575,0.152694240218421,0.179608477239423,0.174600890663905
"62",62,0.115951803513289,0.151304226636648,0.17275543414527,0.0219321230974946,0.0441364346661834,0.0529682856915679,0.100244820631008,0.177405877345132,0.119600018059977,0.265016135117273,0.00480787357359303,0.00552972001266779
"63",63,0.181922292527589,0.222377887509941,0.179264571487242,0.158889297255855,0.0516936840008619,0.02835293674265,0.105263827299546,0.119709184795109,0.184232082922155,0.189344691097328,0.014908388442582,0.19038668099033
"64",64,0.128751031522163,0.132499598205595,0.146063234590731,0.111545147320109,0.115501494717598,0.12778683574423,0.105468493405164,0.148264468654762,0.153909126145206,0.329746122725031,0.10857593391809,0.29464044238513
"65",65,0.235214170376941,0.250406217691146,0.087370001806369,0.0482884955031952,0.0388129581839124,0,0.163396775852526,0.144261412074988,0.20956550846232,0.137494699559982,0.084535518636454,0.0164750445231114
"66",66,0.232527805433488,0.246075864362098,0.0162347390559009,0.118287711340779,0.0113334032865732,0,0,0.126661504248378,0.240136662092067,0.306257646156473,0.100919485862053,0.133794942060582
"67",67,0.313801327321235,0.230776124836247,0.246582634081993,0.376750162706961,0.0789435885921499,0.215396682211328,0.124766150014632,0.23397368486648,0.277078382517162,0.249110475724936,0.0841125265961117,0.217828685300646
"68",68,0.254202857236024,0.247255360409383,0.250545191666249,0.233955924666961,0.0816496580927726,0.0291939295665977,0.176672918260859,0.274676872059646,0.239564110286776,0.239532173256001,0.0548111993171828,0.0111398719032002
"69",69,0.289425792258355,0.253971710520523,0.207273165846517,0.101970670246231,0.0116549309564967,0.00964870718380086,0.0185486862680355,0.057852945933938,0.235913631984026,0.224428011516997,0.0826456142760413,0.120576525507382
"70",70,0.332699978257674,0.30546241819897,0,0.0673855191124152,0,0,0.0988843374215216,0.175916009782525,0.27194021097671,0.152723884853172,0.0815875897229211,0.00468409819293973
"71",71,0.317993083722931,0.506837109375702,0.140752049088603,0.157558117255945,0.355720389903385,0.0977835445214477,0.363633285874512,0.29756334395571,0.331528296149564,0.447999368866435,0.0917211082124261,0.200586852919186
"72",72,0.19569561066779,0.290364424796399,0.0824601281052129,0.213507148264656,0.0739360735011822,0.103632284430551,0.213322162343797,0.235535928025007,0.285542405278229,0.223950225612053,0.0892603190280776,0.245789444171636
"73",73,0.165538445513893,0.113026822465077,0.0792110152933001,0.126173918746226,0.0392667556075625,0.0111356155669128,0.00741309507359603,0.0946860894922156,0.2236084079566,0.198605112900372,0.0303387687855837,0.0174811550567156
"74",74,0.166253907791122,0.197706927184595,0.154727270773731,0.0161552515441486,0,0,0.0182430201341732,0.0167169941878134,0.125700247969935,0.170197724459789,0.0186995580866284,0.0421052273829338
"75",75,0.166521836543631,0.0980029382531542,0.0374781491520377,0.121869417811475,0.0229136156143553,0.0134048844152147,0.142158456261613,0.158749396949708,0.239584674415104,0.163181693026132,0.10802587545452,0.165535162551838
"76",76,0.129255485280896,0.193267274200556,0.00300990849655554,0.0487762718282507,0.00567069110382015,0,0,0.00607122420663348,0.211089424507516,0.324909100023515,0.00254145921043824,0.0134633933050755
"77",77,0.263225809280968,0.263515699591502,0.24977147817917,0.137764198059384,0.113984727295318,0.143010277092589,0.101086178803313,0.180256934885995,0.251393339974547,0.286769677394603,0.123331049676206,0.160633083424192
"78",78,0.304384360862077,0.347625028377707,0.0779182091092728,0.189705776745016,0.107516338090901,0.0159804014819244,0.255425890746184,0.322592729126369,0.320292289560464,0.332382246551252,0.199407315248586,0.315508964940248
"79",79,0.237816850009427,0.293892055548292,0.0479282195708404,0.0596129944315981,0,0.0382629615453796,0.0100455015798567,0.0560484885252436,0.176075446420552,0.240649144589477,0.00710417915537885,0.0788045641773288
"80",80,0.238567059806037,0.25660773850346,0.0848678916358387,0.0679176733387131,0.00642151577507727,0.0044653445528785,0.0572832915420086,0.154065828955178,0.218504427447462,0.172701661081093,0,0.112068047213707
"81",81,0.30389641107761,0.292324945551605,0.0860865894784395,0.311875850780201,0.284517071107195,0.279585228830897,0.332073975712254,0.242347719932749,0.296997720388029,0.26162843660419,0.273822014044453,0.271986015627874
"82",82,0.136187178208871,0.185391417365534,0.0531352501225689,0.0399964749219718,0.00971936709907075,0.00687720641759123,0.0115548550057215,0.154494067698107,0.137184644497452,0.183532131536388,0.0517193362396893,0.125642911995401
"83",83,0.292984248158235,0.319058727494851,0.0547650842159814,0.235758262547219,0.0204375561980192,0.118841865382463,0.11196065334978,0.184431122653604,0.366709157579724,0.275325632067422,0.0735190872180026,0.0786313734488696
"84",84,0.243576797385788,0.283623294609814,0.00279481209009015,0.0111406567804564,0.00528846670744764,0,0.0363332510972327,0.0464576214809231,0.318344809489145,0.210162264518275,0.0406609012633277,0.0248038822567244
"85",85,0.147651366163167,0.228574326483435,0,0.124054215434519,0.0411460712763567,0.00648633305177945,0.0997641354430847,0.196187840398869,0.189765558113198,0.145384299017455,0.0304232166214714,0.0201973787221372
"86",86,0.204965689891626,0.260930903053516,0.175824754441043,0.0861943425375181,0.0385615360924058,0.00860094489210849,0.085926364795363,0.140827028897768,0.294427722671638,0.142706284817547,0.0481281115265786,0.127257410084955
"87",87,NA,NA,NA,NA,NA,NA,NA,NA,NA,NA,NA,NA
"88",88,0.316206408475796,0.270060002701316,0.129239957810422,0.273348518155141,0.145214657778219,0.188383186191724,0.0592995548857423,0.279781921728654,0.29858514835958,0.291119302801223,0.111068510835503,0.185302168767529
"89",89,0.145161283338256,0.18838713632906,0.0477380198420978,0.148462789577861,0.0753902785153749,0,0.0938728107629977,0.181805717572788,0.179783676875285,0.116934521155506,0.0629414374108052,0.121990578581387
"90",90,0.133333143430629,0.203764614598865,0.165894453942336,0.0912952413117537,0.013653478546422,0,0.0435796288455367,0.168068847817366,0.184324551339541,0.181032334815016,0.00641806515001683,0.0873316406036597
"91",91,0.415983286177834,0.410355149838066,0.441825519703256,0.251886734967146,0.0479689448123821,0,0.404345972548024,0.321877924010708,0.489419957536526,0.280528275872887,0.233309365984409,0.312164259826153
"92",92,0.30594085096269,0.335905304840478,0.124617313654482,0.142801952105778,0.0139992638426464,0.0310369254834928,0.133898147570961,0.255821573900909,0.273860093054133,0.220417327381427,0.0866661213846299,0.152329043471937
"93",93,0.280265560940354,0.277622886407922,0.112004949599331,0.38479270264515,0.286185079317535,0,0.387611209306966,0.400177536455548,0.361014520772143,0.248396624720674,0.128075026201615,0.315134610397624
"94",94,0.0957652491096298,0.133313342639992,0.0435502529959559,0.156956301795107,0.10996433004255,0,0.0986201020120055,0.10679138054929,0.182935591816907,0.0977913433491305,0.0539700499599993,0.123097356069873
"95",95,0.125628252336712,0.386256334332974,0.020861865127716,0.0433170415960007,0.0835894301741662,0,0.0157805919609787,0.183620400214412,0.3168639470021,0.182795231849519,0.043244181323149,0.0414257242426844
"96",96,0.132242608263781,0.181629014400277,0.157904435737607,0.0682199527495108,0.00576569854964828,0.080303574544424,0.0231032277799132,0.0880615496336908,0.342323167674527,0.273913876379589,0.111651250377343,0.118229441718966
"97",97,0.119341721490339,0.125699295243743,0.18710576149317,0.0836937568079411,0,0,0.0442608963643987,0.0956917990489238,0.265250355290519,0.179658621134255,0.0265662742209719,0.0383383701562355
"98",98,0.238093425871014,0.189829584904101,0.170734403066203,0.183467033383317,0.0893141174013589,0.0178737415694783,0.0306081527265079,0.131907003964857,0.162779159798834,0.213714860145328,0.0988751760271993,0.0965537784832786
"99",99,0.273196512631291,0.246848147008925,0.0304543158390841,0.0311144745440485,0,0,0.0249104204008302,0.0652871297766934,0.255393243870008,0.133862076898548,0.0500295159282291,0
"100",100,0.109403708665031,0.114379403080144,0.0838664015205426,0.0401962010461311,0.0111897826789504,0.0391625591505941,0.0424498011541914,0.0414885641677744,0.0936022177654149,0.0862092436303216,0.0542967359065597,0.0536415526652225
"101",101,0.27883746672888,0.378149847018083,0.134995046153971,0.153110944195666,0,0,0.171395145120323,0.20496577322144,0.427522734868284,0.659362274771708,0.055315610617336,0.243368855317853
"102",102,0.234889296716516,0.29396265644811,0.0699075812687239,0.0301330520156813,0.0939271538661726,0,0.0312380277292362,0.231257472587421,0.247945583133386,0.252142745564733,0.0546698839223199,0.0617084007667524
"103",103,0.290377623455109,0.339664267009162,0.0605802374486177,0.0503620876919409,0.093659240983918,0.122377087316433,0.231856283834254,0.132777167337057,0.210399639574003,0.486985140691038,0.0513290158081427,0.0980830215730282
"104",104,0.177791649280407,0.304306058841484,0.14766069268091,0.338883754191884,0.0229119934053939,0.010137321989688,0.0442989742556222,0.102748753421269,0.275075652231425,0.241290040721438,0.0147320360445427,0.125739156020598
"105",105,0.181826351734111,0.301309641181001,0.0394379788979698,0.126751547159929,0,0.104647367228306,0.038490017945975,0.158667763707268,0.253819069590469,0.27507679127644,0.00490415967709845,0.217639684086183
"106",106,0.169069337193389,0.245822046826507,0.239886803780433,0.181689453563406,0.0426947977373308,0,0.215033689964365,0.22001972343058,0.233712560637498,0.16686097986229,0.101182370084755,0.141535090537164
"107",107,0.201100691021432,0.223757118048979,0.126780203888412,0.0930750995314945,0.158713800831665,0.0589373634709291,0.189418229456134,0.21781992976594,0.252333295967902,0.184857423316247,0.0951155956300406,0.0270794069335107
"108",108,0.201512116495603,0.32137959861319,0.232734289967617,0.265766638043593,0.417320620999836,0,0.265961429504477,0.355134574500017,0.338195628160911,0.314163620008026,0.228715832233477,0.212873495307549
"109",109,0.147289824604518,0.149229802760476,0.29988510466597,0.0579383941712383,0.0158669847724206,0.0397026620600197,0.0262003918113877,0.154149553754106,0.203051184436588,0.221718428779244,0.0149612404509411,0.00239217241674168
"110",110,0.133899254667399,0.22039274774168,0.0590283531246336,0.0123514446803048,0.00485189571760515,0.0204831150035018,0.0219329872220283,0.0673519408660537,0.295300126432347,0.0748145705308691,0,0
"111",111,0.268101370242874,0.359944022076698,0.0156550693272491,0.21904807767434,0,0.119184629308176,0.146762287010357,0.189526480926851,0.347538204700367,0.314548571296691,0.121575885928837,0.203480169112475
"112",112,0.520344454089557,0.53515726163395,0.111416113781143,0.218737696805736,0.297579079206276,0.351406483709502,0.356075237292213,0.315363589179381,0.36738048211059,0.221384207538804,0.377390542062154,0.281711708578566
"113",113,0.291037744941514,0.274667840831771,0.0407593471501237,0.0602197074196147,0.00962393761555784,0.00938861711422997,0,0.101422431279416,0.257962918890924,0.140084095575394,0.0382775640781159,0.0171170663679054
"114",114,0.220837293163865,0.300678424462604,0.421961806599372,0.131028154569975,0.30731814857643,0.15400941161615,0.282842712474619,0.291547594742265,0.275456016216788,0.369940758254341,0.282842712474619,0.212132034355964
"115",115,0.124281485000638,0.127142581641958,0.00595350923048946,0,0,0,0.00207294666908202,0.0105487647089223,0.0822704743357559,0.123181860930157,0.000826734511856599,0.00343563647566419
"116",116,0.22924134148788,0.287757360283003,0.0439875061439915,0.0852474294655199,0.0263812010337156,0.113400544735107,0.0969223813092947,0.294278910563367,0.320306828272103,0.208394854926746,0.258839095347724,0.0952384386659276
"117",117,0.362155255444263,0.435191335250294,0.0162786657309866,0.0594477934776079,0.00408217154514768,0,0.0679813973192408,0.102686707088049,0.260077313429693,0.0797268388177072,0.0692391840777566,0.0606123835398606
"118",118,0.225539949487131,0.250065698401643,0.309466470374555,0.072765543576062,0.045428326276651,0.0565685424949238,0.0815167755721987,0.180409690196945,0.175612370020439,0.232226241371786,0.0452606408910897,0.0649567144979424
"119",119,0.261559222322549,0.303360287598731,0.0607156539180554,0.219899141889039,0.0224440111248857,0,0.138371427853944,0.199802311465488,0.308668753219616,0.266682038785973,0.132246214816122,0.0500180189986855
"120",120,0.314774492696874,0.277874824883917,0.242912304292199,0.256768258083109,0.070060227241717,0.225703972685382,0.203848452430225,0.227514405720633,0.296667706855042,0.263433896617001,0.250618814733599,0.26755576727579
"121",121,0.28918841703653,0.254462951058064,0.145536764697299,0.256066242792272,0.229729041147816,0.291041057518089,0.333737735640479,0.370007376775025,0.340868907585712,0.231709035659753,0.365681123323934,0.263590732843205
"122",122,0.338575731130532,0.359195961615285,0.401798105658397,0.271288548509746,0.186127304474239,0.169870476953182,0.176104817092518,0.180279310260534,0.391549542195074,0.553604074840519,0.173422197695825,0.115470053837925
"123",123,0.274396402131617,0.246662093798906,0.128715832368552,0.0578889368883734,1.27186374629607e-17,0,0,0.0314039392074745,0.25955942378668,0.212914659519131,1.27186374629607e-17,0.110940039245046
"124",124,0.0874056179839977,0.151908217658161,0.129613788619483,0.136487083565465,0.119298505892039,0.093830887907347,0.118230988654713,0.151826423213619,0.215790129233079,0.124736451854275,0.0939734057505321,0.103330440418481
"125",125,0.207242347222761,0.209443389711479,0.0156845578232892,0.0381488270600454,0,0,0,0.136331002784732,0.253170459593312,0.110607504199537,0.0289336439136455,0.0347684550042286
"126",126,0.402023555816047,0.33141439228513,0.232658747382686,0.289054224326427,0.0794159819307309,0,0.13551046184532,0.0802823829786641,0.358188621661876,0.39738134224217,0.0840353626887199,0.111953259772241
"127",127,0.307914684791861,0.409435532043078,0.0151978890064351,0.224297346669821,0,0,0.0181488290540725,0.165714080240768,0.50029462702325,0.38154796016892,0.0461606081307048,0.0412740180905326
"128",128,0.193135788156171,0.214010075018353,0.243722454143295,0.255593485023248,0.158917132325005,0.172310931139667,0.140303275589598,0.207725243174961,0.157230967002233,0.146613954506621,0.251914698067085,0.233082925162136
"129",129,0.253778836146293,0.245935200859746,0,0.141878690680906,0,0.131859627102838,0.259482080719831,0.220012586909818,0.351494855499155,0.18586244175257,0.0509003723090064,0.249532011896641
"130",130,0.147580312902124,0.202709341184877,0.235558526509497,0.235225567858014,0.107568832974309,0.122670267367159,0.14124400949739,0.145379735716186,0.188441661394395,0.172694060383836,0.169246207326527,0.221243886673148
"131",131,0.221820689422916,0.236646706183438,0.348749390223564,0.159244416261131,0.0999714339894002,0.103522132295114,0.152650077279718,0.134686261017563,0.144767629850926,0.421672712732205,0.136866199819697,0.112952748559643
"132",132,0.26073787763947,0.266753883312514,0.0417960865727489,0.114979651287118,0.102961629427287,0.057260108905745,0.0423936602083145,0.125771890224752,0.198161902372356,0.15192925550881,0.0265434862444133,0.0734086421045357
"133",133,0.138064016999831,0.194157469601167,0.00553868897055661,0.0488127363871318,0.0763103299604328,0.01737443434182,0.0427174272241078,0.120821512135152,0.191962674792053,0.1994630515034,0.16238398100665,0.0462073065028898
"134",134,0.262122903269845,0.237608374090536,0.121192345679009,0.106677314148737,0.0101594774203516,0.0178624530092584,0.0367183747407335,0.245214919378659,0.251920039938791,0.257159588742617,0.175875778425843,0.148313344865855
"135",135,0.197554901083053,0.211203978558738,0.197548771200288,0.202413393945252,0.242338258544826,0.169214348048365,0.207192353726746,0.205543670536767,0.225557304483472,0.175414145244148,0.25773384483896,0.207336572635702
"136",136,0.330074758783984,0.356462424683287,0.244144658352854,0.289781369381181,0.357685359343611,0.340341250805224,0.414624523007082,0.343275763771397,0.350884705361807,0.303892567892724,0.274804296254676,0.316373184500565
"137",137,0.413251580964905,0.464391299581735,0.412860426934343,0.296646736738317,0.0218245924407973,0.233998390270447,0.202975824128361,0.212730264067469,0.414021993430885,0.560096481534309,0.0962046047470844,0.303390656951622
"138",138,0.18630135464659,0.20975859632482,0.180997517105285,0.165813100272521,0.0312676569291278,0.00537086169861292,0.119393590047715,0.281951790696756,0.190903148598204,0.278480345458736,0.0993632379273495,0.0703797473349411
"139",139,0.290897040358262,0.297834269822355,0.0738480267010359,0.32296491009489,0.230808137064657,0.274938785447093,0.203764062612688,0.248942528472192,0.307280482248669,0.200498266363803,0.201707456052204,0.268505933574091
"140",140,0.0960336635167171,0.291539925727688,0,0.214025803390382,0.0130612469796686,0.0603022689155527,0.0167428059250029,0.0614342198778931,0.289259809037819,0.290595635108899,0.128978183236226,0.138988709326504
"141",141,NA,NA,NA,NA,NA,NA,NA,NA,NA,NA,NA,NA
"142",142,0.0550159517489155,0.0768684648103446,0.013663398726077,0.0572833815985388,0.0239628964348694,0,0.122867640570767,0.168185916765403,0.0663359910759277,0.11596631134093,0.105061300754801,0.099662294125371
"143",143,0.299300323975984,0.332059135086599,0.265305615183327,0,0.0479888021850888,0,0,0.2153486533795,0.386052273449186,0.150957683838386,0.113572021755626,0.0379826804686849
"144",144,0.118967321568601,0.117436465508852,0.042754321847658,0.0821981843097036,0.0116657222232312,0,0.0238412486595061,0.206587348273252,0.352041869203417,0.24699947636583,0.0302134107595687,0
"145",145,0.152378419719729,0.245030784101809,0,0.00869892556989765,0.0241219756221656,0,0.0406291582254924,0.154012758462467,0.321257180413241,0.265300751436551,0.0814430725919911,0.0456205161271176
"146",146,0.167886469271963,0.182806928807276,0.216339569928599,0.138666461899944,0.0881257916313501,0.0523620282182781,0.155343926748377,0.182926294586048,0.173113964261154,0.238726712545927,0.0781382518183116,0.0904567541079702
"147",147,0.11478249626162,0.0928475816676952,0.0291712542325918,0.105041957235214,0,0.00985559207875038,0.268117374012055,0.258927233431345,0.233958946974364,0.282462089448483,0.133668413363624,0.255887879096344
"148",148,0.510583770524678,0.431382445943527,0.283784443650512,0.272080876252719,0.154919333848297,0.258198889747161,0.227994443642738,0.263710901247125,0.435764910212998,0.256042278445359,0.139658767888039,0.208485812075073
"149",149,0.14041604428926,0.155317057256109,0.181290027892905,0.170714196262101,0.019915521957649,0.0736336991226542,0.118028934006893,0.140771593713502,0.240377656640439,0.268755107999231,0.111933221849855,0.161716323491229
"150",150,0.237674541628805,0.122600518592661,0.0651946715365443,0.109789104360723,0.0428798901868891,0.0966648506335279,0.274842763625855,0.0840856622649352,0.126037272229335,0.136822452241574,0.0364777990215174,0.0435959481763875
"151",151,0.123329420920809,0.123997304382629,0,0.186948415719394,0.0126031315579473,0,0.173228951044881,0.189032713755963,0.170914145885796,0.329697739607231,0.164793707641119,0.365754003465942
"152",152,0.155611837654496,0.277047065653337,0.20127898130513,0.248327887048034,0.0161419656504325,0.0404719789827809,0.11541083995588,0.187693611214761,0.2201850905278,0.28029437268374,0.133953102099453,0.12536029322434
"153",153,0.197412357284694,0.335063703670444,0.0989989784744591,0.157948482954604,0.0565685424949238,0.00667180253260194,0.100021142692273,0.113754926576621,0.262057938655917,0.215741163511619,0.157893431169,0.169553789938942
"154",154,0.308756617749455,0.247790327229492,0.276717182228708,0.297148014376717,0.254581119078438,0.192966772892465,0.583728471785842,0.351577868227402,0.525157594936632,0.248007997317468,0.271612855739138,0.480044263971379
"155",155,0.172186367398937,0.193412370962401,0.385029701587319,0.203041447171638,0.128516375260965,0.0249960723819107,0.104259513324769,0.24260847785929,0.252179386976014,0.286021346381587,0.0984809250515423,0.0558913627793564
"156",156,0.259907318934939,0.267136307423677,0.149238365232788,0.343172769544775,0.146242897383247,0.0322439540119058,0.180608147001981,0.208574831582358,0.282130542790003,0.20128111435419,0.225480415714541,0.15544055059093
"157",157,0.231227306854868,0.371273860618673,0,0.00729440495605221,0.00933008681407551,0,0.00416552073623025,0.0539488075395951,0.239861486515653,0.173445701385537,0.0885593437207177,0.116568570921634
"158",158,0.102457671434959,0.165859294931812,0.0845414531260373,0.133442631070701,0.0426401432711221,0,0.012751222169154,0.103180899800181,0.229231303142995,0.14447192363988,0.0980950630373705,0.158849454004012
"159",159,0.261967781263613,0.242149161663368,0.170524185721854,0.231172126944327,0.196910964192382,0.12412062705395,0.203806352216154,0.327957429688437,0.198351144829718,0.304286401314657,0.329880179643079,0.190836124592076
"160",160,0.195797251342076,0.409215495002081,0.121119667505746,0.193127095559866,0.0177211692858936,0.0527052208184796,0.0943813629145267,0.22148410350507,0.273692820838607,0.248076977635302,0.0440988630961075,0.175769700432957
"161",161,0.250909913732581,0.25239475315891,0.281334246803532,0.145561340698541,0,0.0398530014623276,0,0.0576983755347592,0.289596987574865,0.371162859380728,0,0.00755360548205877
"162",162,0.263995065992993,0.274100929241872,0.054615165949823,0.211786182466502,0.091510469500483,0.0408248290463863,0.153483237636563,0.322479430471019,0.316665497053236,0.400956451202666,0.271134862303336,0.185627711974549
"163",163,0.254354960672556,0.217034440887715,0.0550010938074761,0.289606003861455,0.1574381949589,0.207981124047513,0.165700235725387,0.252646588231648,0.230847026967095,0.345479902263609,0.108587970706849,0.41788641683139
"164",164,0.219206285338471,0.35495432560083,0.10921393630834,0.107357391113833,0,0,0.0929637456039415,0.210558842258064,0.449629434052959,0.377253314073131,0.210656991378748,0.041613044499539
"165",165,NA,NA,NA,NA,NA,NA,NA,NA,NA,NA,NA,NA
"166",166,0.227427703132071,0.39304461720173,0,0.111715589578249,0,0,0,0.0846110861439795,0.188053391735093,0.356205612700035,0.0334625781825067,0.163181158776026
"167",167,0.163999180637145,0.208039667334115,0.0853003587961677,0.152810970993862,0.0555123838534201,0.0946565485446281,0.0476265737948027,0.0887240781594061,0.267126824120643,0.326624261409576,0.0283971797463428,0.147075614689172
"168",168,0.112342149148112,0.158538430051151,0.0148742784457952,0.0640920790868526,0.0111293855720469,0.00667716280990661,0.149423381041282,0.194283258140345,0.232024086043364,0.246139370028522,0.157700562625804,0.128427046100148
"169",169,0.13248365134067,0.149783476872048,0.102470794555628,0.180380650793184,0.0766489788410912,0.0764224952542995,0.0850245412162072,0.0914820592591387,0.178660992387895,0.19721059399435,0.0333113126721174,0.026934383924651
"170",170,0.108693903276353,0.123028866466006,0.103257448003661,0.144839341153204,0.026436153380415,0,0.00630945645960633,0.116380652626317,0.256426451758169,0.133369555463429,0.0133669609296971,0.0192262962391002
"171",171,0.221553543845996,0.269800613814552,0.536668272437327,0.297428996528347,0.220654565380011,0.238082218231772,0.204963886535012,0.364125017716998,0.418103206351188,0.297902489429439,0.183759133593303,0.257321886462684
"172",172,0.180613314993543,0.16213024050008,0.173281333366229,0.198378683211698,0.230862078117943,0.184910680280481,0.191690946250682,0.205233774443054,0.140964298134833,0.163741152391266,0.172929881384136,0.163513472275818
"173",173,0.259487094707147,0.230572980525851,0.205941937183241,0.221293658413589,0.173508801442966,0.145358203359308,0.10894577140005,0.275577338457313,0.350215569629479,0.379316938871883,0.19367143733369,0.141453721066698
"174",174,0.394169124868266,0.366045383821592,0.226001438005496,0.0589910742223887,0,0,0.0364509068616887,0.0534522483824849,0.451291393966325,0.494046410613221,0.0165256970442309,0
"175",175,0.25688733151062,0.153873958152196,0.0358666803509036,0.00246282574596825,0.012613421073721,0.0150204324483554,0.012613421073721,0.0385426893592397,0.197568806262004,0.0911276228999518,0.0366965287937696,0.0118751936181406
"176",176,0.149063087010356,0.319618675337369,0,0.0135081773425525,0,0,0,0.147340127584474,0.248969739010688,0.209669605449627,0.00672529113813571,0.2
"177",177,0.139210167751443,0.150097692703318,0.054527557733896,0.112351504766599,0.0551165339635254,0.0417854060430219,0.0859550641012518,0.141290164903748,0.126476646407755,0.335483874193561,0.14193516933832,0.17168531059839
"178",178,0.43629653539457,0.389812151470346,0.417283374612538,0.213065010254972,0.31162307589111,0.0251172821866514,0.145348407259876,0.293596183936905,0.396668824917751,0.177813608696312,0.279887963062331,0.279611773902626
"179",179,0.274757522174999,0.40550208463759,0.35739142506744,0.212305167112191,0,0.173471021555955,0.0707398914099406,0.205160009580752,0.384542386463664,0.267358319906059,0.0123220860140099,0.101758522950081
"180",180,NA,NA,NA,NA,NA,NA,NA,NA,NA,NA,NA,NA
"181",181,0.385023250805878,0.501520070072296,0.13290078196135,0.137997953215631,0,0.0416169930336649,0.245305087933776,0.207313809066833,0.554879520720192,0.410366945852127,0.122757557955947,0.148041967537872
"182",182,NA,NA,NA,NA,NA,NA,NA,NA,NA,NA,NA,NA
"183",183,0.305240924807857,0.267156469924911,0.239812143328598,0.515399051232017,0.175577882336282,0.245953040805858,0.0877889411681412,0.262355316740471,0.206431044310342,1.02792566512161,0.151249142216697,0.143077443457306
"184",184,0.332226917084759,0.3781537824333,0.237319015708224,0.225195893029459,0.181775726377742,0.10505928434723,0.192621739279978,0.310584078070557,0.361139618346647,0.340455064552397,0.274335492144379,0.238572551671645
"185",185,0.245657575492994,0.371724319850239,0,0.00656376516919892,0,0,0.154749045212231,0.188862309318856,0.357822460611174,0.239461671724229,0.0558747277747643,0.249590438544935
"186",186,0.203921089329241,0.462241366994181,0.214682770230665,0.0614002799074234,0.0552303911974216,0,0.113970580432118,0.155395161849957,0.354833074495761,0.239827610088517,0.0177630930103805,0.0552303911974216
"187",187,0.378149202318212,0.337463407118071,0.168115060697887,0.632453884564879,0.0130535067173794,0,0,0.414620869527044,0.454013929252944,0.220830978452892,0.467839903383437,0.545635710115339
"188",188,NA,NA,NA,NA,NA,NA,NA,NA,NA,NA,NA,NA
"189",189,NA,NA,NA,NA,NA,NA,NA,NA,NA,NA,NA,NA
"190",190,0.200697106862238,0.250195843513529,0.0724850576049891,0.225056536092568,0.0603022689155527,0.163181269526012,0.244239569877853,0.349664559015788,0.345858869306556,0.412802209676068,0.33083840040634,0.21515319768637
"191",191,0.141157529268974,0.223174170849045,0.0500744591097577,0.116596890266345,0.00687997566321907,0,0,0.105934872412847,0.1265243112388,0.163607929880088,0.0516397779494322,0.0209879136748678
"192",192,0.252844804866775,0.339583837388774,0.12129073490366,0.0541922868727517,0,0,0,0.113143184669463,0.344375815959351,0.333022721652271,0.0923999542394523,0
"193",193,0.0790506121122762,0.161024015049719,0.141884867450562,0.194903441150532,0.0274150254845319,0.0264128781067868,0.121785661936344,0.179447454537251,0.2101215742974,0.299040801420329,0.176082772053278,0.238433099920109
"194",194,0.215876836382431,0.194902474485163,0.262195155218759,0.0631627204661478,0,0.0450487030800576,0.053504100047174,0.188340837769211,0.122203977824146,0.290498276597823,0.0545417355517471,0
"195",195,0.194570849149481,0.187622153813053,0,0,0,0,0,0.186977740845737,0.221987207765499,0.277110912900661,0.14142135623731,0
"196",196,0.257583588588294,0.162010005410131,0.0598350692660941,0.197242145102958,0,0,0.142093918564302,0.297164220931409,0.165700172862606,0.340469558512509,0.25334952418939,0.163656759320067
"197",197,0.0581679161111096,0.100728125821146,0.0457253637881247,0.0406596102055394,0.00917355803868192,0.00954144729911077,0.00954144729911077,0.129025462635307,0.164266119113646,0.0960382549150875,0.0789018363474258,0.0125769661873264
"198",198,0.218607338613955,0.212551225420447,0.207016357188804,0.185887100216531,0.115585236436341,0.108490324673993,0.134168761712661,0.209235365490768,0.178518254368932,0.193293118834256,0.15065279647085,0.121480532185055
"199",199,NA,NA,NA,NA,NA,NA,NA,NA,NA,NA,NA,NA
"200",200,0.348179640357766,0.261232032572119,0.217518337153004,0.275305573786074,0.0154287753970151,0,0.0782696983065404,0.109172667679542,0.247393717886646,0.256777039442786,0,0
"201",201,0.200151138049724,0.178580356484714,0.0173770907068779,0.160065915658396,0.126726595562912,0,0.0442265828111585,0.264829635570644,0.307484121887863,0.278532769345654,0.118595899725576,0.190301329338618
"202",202,NA,NA,NA,NA,NA,NA,NA,NA,NA,NA,NA,NA
"203",203,NA,NA,NA,NA,NA,NA,NA,NA,NA,NA,NA,NA
"204",204,0.355390482114107,0.641336860899896,0.163299316185545,0.0816496580927726,0,0,0,0,0.287603975942522,0.185053605402366,0,0.0601882576849832
"205",205,0.362527880800956,0.375460106732303,0.128923578159479,0.162847797453312,0.0937215645980741,0.133470652285311,0.169304864632325,0.264630522890228,0.224742834779711,0.435696737330741,0.216464885032327,0.100501070348023
"206",206,0.154716055639961,0.40209148064847,0.70846582745127,0.182972446782293,0.376941546927342,0.0619997293059621,0.195429613557964,0.263314736106642,0.256550119957772,0.332046747529892,0.477055384386012,0.328625768989773
"207",207,0.551965600966241,0.60356338358605,0.575415996074167,0.183216973036777,0.297038321907838,0.284866858444783,0.211447566632647,0.160823704991312,0.638189852566637,0.492228829624586,0.201332355829684,0.0555118950426493
"208",208,0.92477191474906,0.543457685809004,0.459370688188191,0.379917471819393,0.210726487967737,0.0430080809887831,0.0876773773516099,0.360475691893858,0.424583967031509,0.482386005967619,0,0.0941739837426079
"209",209,NA,NA,NA,NA,NA,NA,NA,NA,NA,NA,NA,NA
"210",210,0.223104208328969,0.171723038537802,0.20454145023684,0.212042088291192,0,0.100726674940409,0.0603022689155528,0.147249779599223,0.162440747016196,0.252426998057818,0.0603022689155528,0.0642648917325615
"211",211,NA,NA,NA,NA,NA,NA,NA,NA,NA,NA,NA,NA
"212",212,NA,NA,NA,NA,NA,NA,NA,NA,NA,NA,NA,NA
"213",213,NA,NA,NA,NA,NA,NA,NA,NA,NA,NA,NA,NA
"214",214,0.286309482419854,0.328532446741156,0.227626856242308,0.184796500059216,0.110176219026455,0.042139292254633,0.144953789205478,0.295642676932879,0.293185295710738,0.219855267250788,0.0819459214446731,0.129007516240125
"215",215,0.20985881522253,0.221976020503329,0.152256978178886,0.0880754315376758,0.0218374245331215,0.0646083729353943,0.0218374245331215,0.131514536990698,0.19219562273348,0.177231236899225,0.0445187271900922,0.0495167349103631
"216",216,NA,NA,NA,NA,NA,NA,NA,NA,NA,NA,NA,NA
"217",217,NA,NA,NA,NA,NA,NA,NA,NA,NA,NA,NA,NA
"218",218,NA,NA,NA,NA,NA,NA,NA,NA,NA,NA,NA,NA
"219",219,0.447055232339553,0.342276983790288,0,0.192335324315212,0,0,0,0.0645250983453914,0.431461095210203,0.188156244880863,0,0
"220",220,NA,NA,NA,NA,NA,NA,NA,NA,NA,NA,NA,NA
"221",221,0.278067736455555,0.231746875124439,0.0424623584874842,0.251005384302594,0.0558538558104327,0,0.183169644457212,0.279733294046484,0.246549159707404,0.179845280284132,0.237298226027443,0.150919068006492
"222",222,NA,NA,NA,NA,NA,NA,NA,NA,NA,NA,NA,NA
"223",223,NA,NA,NA,NA,NA,NA,NA,NA,NA,NA,NA,NA
"224",224,NA,NA,NA,NA,NA,NA,NA,NA,NA,NA,NA,NA
"225",225,0.256630211378717,0.253104709850473,0.0635052804149898,0.222447054722662,0.0412581550868919,0.0156469050057726,0.121888120852676,0.349666150415283,0.292069365376765,0.251604263001063,0.225155583324752,0.116111373940185
"226",226,0.437740546475088,0.100290257504974,0.300636004270654,0.224389610662166,0.0605390806995746,0.0745288699495708,0.0482801533292773,0.729936677254303,0.321067667532455,0.171281908240984,0.169103050965721,0.121329513728375
"227",227,NA,NA,NA,NA,NA,NA,NA,NA,NA,NA,NA,NA
"228",228,NA,NA,NA,NA,NA,NA,NA,NA,NA,NA,NA,NA
"229",229,NA,NA,NA,NA,NA,NA,NA,NA,NA,NA,NA,NA
"230",230,0.304695994440045,0.278049616406239,0.3123145240756,0.147304471668922,6.18265865524702e-18,0.0331945413849647,0.0577350269189626,0,0.200649103914943,0.261361219716817,0,0.020470365382943
"231",231,NA,NA,NA,NA,NA,NA,NA,NA,NA,NA,NA,NA
"232",232,0.942044095374663,0.563872452684337,0.309895869921453,0.783410425666363,0.0128262239434262,0.755928946018454,0.755928946018454,0.68942980649053,1.00707375003877,0.576225467966245,0.755928946018454,0.68942980649053
"233",233,0.10244803960734,0.369539355290704,0.141281456480185,0.0463569339580282,0.0594884418086407,0.515291818522118,0.133333333333333,0.170774573824206,0.231830542392057,0.478269565059509,0.0749436539113287,0.209207692957152
"234",234,NA,NA,NA,NA,NA,NA,NA,NA,NA,NA,NA,NA
"235",235,NA,NA,NA,NA,NA,NA,NA,NA,NA,NA,NA,NA
"236",236,NA,NA,NA,NA,NA,NA,NA,NA,NA,NA,NA,NA
"237",237,NA,NA,NA,NA,NA,NA,NA,NA,NA,NA,NA,NA
"238",238,0.390663680561491,0.353671973583484,0.0799782768730564,0.181356327695658,0,0,0.0144785377280723,0.168706822744089,0.341210176875947,0.331550371305398,0.183775718931841,0.248632624203224
"239",239,NA,NA,NA,NA,NA,NA,NA,NA,NA,NA,NA,NA
"240",240,0.189739456342741,0.267614312197934,0.227275493807573,0.0750835685127167,0.210751216453172,0.034853949952863,0.0825945495936832,0.0692244080746372,0.287885116603109,0.252479706539883,0.0801887563727615,0.0697078999057261
"241",241,NA,NA,NA,NA,NA,NA,NA,NA,NA,NA,NA,NA
"242",242,0.266381290640513,0.375307344803575,0.338217001382172,0.238297623810739,0.0864815313748211,0.133232691193867,0.164201718360802,0.387549304555566,0.458736316029936,0.36404327801214,0.493877349845161,0.456141581687714
"243",243,0.425553772498554,0.256152867296603,0.23184686008521,0,0,0,0,0,0.384285310324349,0.162394933558822,0,0.0385667846366903
"244",244,NA,NA,NA,NA,NA,NA,NA,NA,NA,NA,NA,NA
"245",245,0.174441464234106,0.227833878239313,0.348087551322248,0.479798969141219,0.0627322062194036,0.0196532554418547,0.178885438199983,0.0728162460273735,0.467993700207036,0.635103402382096,0,0.268328157299975
"246",246,0.249669763908234,0.358875843615036,0.337407251426458,0.218333630170774,0.206710051943156,0.189567321207207,0.180798028289849,0.25619205216089,0.258517701065616,0.190767121244282,0.139583797652199,0.161985074642471
"247",247,NA,NA,NA,NA,NA,NA,NA,NA,NA,NA,NA,NA
"248",248,0,0.0283745637383583,0,0,0.0232683378073926,0,0.0408522985214364,0.141704983438366,0.28245248570673,0.160378947540226,0.0115300820131269,0.00839948040159729
"249",249,0.0553341696979761,0.0572468715120249,0.0527966327342509,0,0,0,0.0554700196225229,0.0554700196225229,0.249098619879059,0.100222935029977,0,0.110940039245046
"250",250,0.203499996883257,0.216747952874601,0.24314620200261,0.216422614773488,0.196239830066645,0.182944013229716,0.20062538391132,0.270753139521363,0.243555043682595,0.263324953615561,0.20226003533926,0.184621436556631
"251",251,0.312005011166524,0.272981711636751,0.334777074481389,0.332143313072394,0.282152677934135,0.330414248713507,0.306559134833193,0.250353576223095,0.263796878110289,0.277293846593836,0.153041078350324,0.239775942433273
"252",252,NA,NA,NA,NA,NA,NA,NA,NA,NA,NA,NA,NA
"253",253,0.24799057333837,0.289414510049946,0.25149814592593,0.190178720746461,0.163852770074008,0.125058441744854,0.194432092793802,0.124121110733735,0.179485505397332,0.343798910885049,0.030625675979079,0.233455046246339
"254",254,NA,NA,NA,NA,NA,NA,NA,NA,NA,NA,NA,NA
"255",255,0.137785651953855,0.208890253136844,0.0581834177310287,0.0985929444998094,0,0,0.0263033957978043,0.0942809041582063,0.223767865647217,0.185835888932988,0.027993393705076,0.0450547809113523
"256",256,0.262725179775074,0.147424514796792,0.274280858678256,0.227151208113921,0,0.0343527153776856,0.309124410105146,0.251177684877099,0.477271117363809,0.415473006035491,0.025462458253996,0.326330868866841
"257",257,0.188522932053335,0.328918639451332,0.060691557704534,0.020247261457203,0,0.0534522483824849,0.118767400671167,0.069963159885651,0.618525044268808,0.405751398507339,0.0688117567091943,0
"258",258,0.329331121364803,0.263773704055674,0.263303783610879,0.142731809922049,0.0486799932156717,0.0705206303804439,0.262343972014836,0.214009571350457,0.29062409583229,0.274996404622512,0.114288373055144,0.142304657838182
"259",259,0.288084417385494,0.267932009549046,0.33409856263959,0.396661135177338,0,0.371696934407237,0,0.201808074824401,0.34391879091131,0.306370712070941,0.265132750135134,0.125166351511879
"260",260,0.163407523294189,0.121127298171747,0.0561347798390057,0.0587924813780089,0.0154724015212674,0,0.0953914193905129,0.140812658606018,0.135284492546961,0.121538593490749,0.0899218819313506,0.112193081412864
"261",261,0.158423104125161,0.386233964661896,0.0848040801472983,0.0143568867525082,0,0,0,0.109554200498261,0.148715353249104,0.48456761156651,0.13339115104527,0.0975923262838224
"262",262,0.224043952983681,0.30322666130745,0.0910415689434254,0.357126003305547,0.205407628335536,0.0265378491700769,0.376606679474816,0.496611697915343,0.370931322550323,0.392664584689493,0.461597415937584,0.275830256587098
"263",263,NA,NA,NA,NA,NA,NA,NA,NA,NA,NA,NA,NA
"264",264,1.02904020793226,0.897172243005458,0.856223258586576,1.88026259758239,0.938560104253503,0.235505409208585,2.5933805160043,1.4546831699951,0.589456325608366,0.259312380511237,0.353502408528549,0.884570111157841
"265",265,0.229467560887327,0.146907821635141,0.209356599765028,0.166011711862662,0.142640539297623,0.0302798621222576,0.25201534322265,0.0627208816443172,0.342503864310276,0.220163950499859,0,0.0183815319348986
"266",266,0.130378629578574,0.427518417455933,0.180634322406803,0.274889419746376,0.202011914385469,0,0.311442033148014,0.342450998378185,0.299667202056951,0.546970046096442,0.234043077885674,0.353154640802312
"267",267,NA,NA,NA,NA,NA,NA,NA,NA,NA,NA,NA,NA
"268",268,0.331607026561132,0.369094755751237,0.0715823201508014,0.307752695921331,0.207837623806112,0.252697453025162,0.326781339688837,0.501718809454109,0.380527422414786,0.321391340454026,0.343203885555558,0.271716510685281
"269",269,NA,NA,NA,NA,NA,NA,NA,NA,NA,NA,NA,NA
"270",270,0.336076613826837,0.504383529459917,0.272955258618628,0.11880060257868,0,0.0514435706739082,0.00659966867150358,0.0519087122388699,0.391689771483073,0.227492163861723,0,0.05600029326361
"271",271,NA,NA,NA,NA,NA,NA,NA,NA,NA,NA,NA,NA
"272",272,0.428118351145189,0.417041982260597,0,0.109891306132214,0.0846574772948042,0,0.488887574849527,0.421219027408355,0.545031102411337,0.860176875728992,0.0816496580927726,0.579155189746735
"273",273,0.296289959507148,0.313774726982225,0.259842048774907,0.225166268222346,0.0271342080688134,0.0594300015587677,0.0445154728508704,0.252612294611207,0.184398814208063,0.25658319746733,0.27035321131739,0.0851281266358721
"274",274,0.254783475687791,0.28422728462059,0,0.141553771064853,0,0.0112705669106654,0.0880145009766287,0.107458447639845,0.25526137832932,0.0905318756616823,0.016296127428853,0.0493798049567851
"275",275,NA,NA,NA,NA,NA,NA,NA,NA,NA,NA,NA,NA
"276",276,0.185641784690568,0.15240918410951,0.185201245677097,0.126235032760585,0.039187380135433,0.0362550204468619,0.0531068005537043,0.183266101253214,0.170141347607699,0.154941812131543,0.105966897701464,0.102862524203513
"277",277,NA,NA,NA,NA,NA,NA,NA,NA,NA,NA,NA,NA
"278",278,NA,NA,NA,NA,NA,NA,NA,NA,NA,NA,NA,NA
"279",279,0.391086331188949,0.389348420673172,0.162079389889833,0.12340068164452,0.171532756933872,0.149448871606519,0.173246878965187,0.233719982603209,0.455409590861149,0.423928469277551,0.165861109975026,0.194383469045945
"280",280,0.19620200511623,0.264301348100656,0.228608802466986,0.0581995219829755,0,0,0.095576212183402,0.154393754136461,0.174424340507595,0.191534385358794,0.0754256613914346,0.0755928946018455
"281",281,0.115838033423362,0.247617299319558,0.0454768595717385,0.201730986579349,0,0.0537128915963481,0.050019713372294,0.112017676038837,0.274412130836628,0.263721976639914,0.142874583129682,0.12457805403811
"282",282,0.10096366549494,0.156117561449664,0.0782026013539293,0.133023356788464,0.0121142266739489,0.0593309455100191,0.0349920321055264,0.0655936709486742,0.196874428529081,0.241227646491791,0,0.0121142266739489
"283",283,0.401830088377139,0.403665681317872,0.384914687261192,0.258448897962887,0.11058671065038,0.0673636917794377,0.164492633691328,0.292368452033598,0.308260729625571,0.437227662304979,0.250765464879436,0.162119417387093
"284",284,NA,NA,NA,NA,NA,NA,NA,NA,NA,NA,NA,NA
"285",285,0.052406524615099,0.230421961033129,0.0571141694697894,0.0756626172420449,0.0155840283158086,0.396354193329068,0.042454587025313,0.228717699506732,0.197562671396577,0.303403585531549,0.157327177817479,0.171914343106161
"286",286,0.140434862545046,0.185102006922073,0.0456824528770635,0.149098434739217,0.120534369651843,0.0545792321116356,0.0978413906112163,0.203918104501811,0.188236374669185,0.27289976795918,0.0903262747527485,0.0238882804992443
"287",287,0.0816496580927726,0.179861762660621,0.15310219821308,0.286921416259703,0.143568636799691,0.0551039969106862,0.25345360419058,0.265174294665963,0.339440464331407,0.451819478770346,0.0816496580927726,0.136921048355485
"288",288,0.109642415015657,0.152818672978971,0.250133480219085,0.110940039245046,0,0,0.0151120897514157,0,0.135295565593828,0.079340798451824,0,0
"289",289,0.182295167920204,0.205639411877839,0.171757694257627,0.266435628169875,0.124097579563333,0.078991554444457,0.268253978062917,0.300733236217298,0.201561732406677,0.29187937127663,0.347539138006732,0.334748818833301
"290",290,0.271306166197234,0.285120784429471,0.414540069885257,0.129083277407926,0,0.170697929490193,0.0817283880980607,0.292854809198459,0.354284722070091,0.30595158792121,0.278279824638379,0.106050505862786
"291",291,NA,NA,NA,NA,NA,NA,NA,NA,NA,NA,NA,NA
"292",292,NA,NA,NA,NA,NA,NA,NA,NA,NA,NA,NA,NA
"293",293,NA,NA,NA,NA,NA,NA,NA,NA,NA,NA,NA,NA
"294",294,0.382367097910923,0.381581917912827,0.025259906661447,0.0380024327316379,0.0337000477700049,0,0.0315722135696865,0.117791345410105,0.381342253078383,0.41392220615207,0.0442945470752039,0.0391623737909536
"295",295,0.18815254889182,0.1928055112759,0,0.0127592512532827,0,0,0.0284589811864945,0.157434302677128,0.19580582359689,0.202371005766458,0.0871950766465298,0.129597983666505
"296",296,NA,NA,NA,NA,NA,NA,NA,NA,NA,NA,NA,NA
"297",297,0.295236867262949,0.325881129745997,0.275193875057846,0.19945515697181,0.185590280545412,0.0708098696827731,0.169175389429681,0.351321204352004,0.335463216622953,0.279329115577006,0.274377863751154,0.231824652495738
"298",298,0.158363740011061,0.118050316185613,0.249097996236614,0.0886330137082283,0,0,0.359914399166513,0.267472982617707,0.13743734223644,0.158645546189242,0,0.617078099951274
"299",299,0.416729231497192,0.178175458923252,0.426520417709039,0.361150964092873,0.189736659610103,0,0,0.188417749466478,0.313019668030123,0.228776567135149,0,0.0937084272258457
"300",300,NA,NA,NA,NA,NA,NA,NA,NA,NA,NA,NA,NA
"301",301,0.154363679871331,0.208558135300263,0.328980469200239,0.173264860602963,0.197336203452484,0.168644648080282,0.167500476189139,0.196711513868842,0.199198713666247,0.155912200133408,0.187985552855027,0.294387584206423
"302",302,0.332977835612101,0.37338744878646,0.401910410615548,0.266002179436037,0.274123153584213,0.0838259800153596,0.0158881481197276,0.307142475353517,0.467689678558688,0.177416691753679,0.0696565170746545,0.103147852956588
"303",303,NA,NA,NA,NA,NA,NA,NA,NA,NA,NA,NA,NA
"304",304,0.272147539523554,0.305192751431956,0.39959692374909,0.205333477431682,0.0855831285239068,0.069299368224243,0.157228331925771,0.213301419744192,0.267467395966251,0.349211504536331,0.063925336473006,0
"305",305,NA,NA,NA,NA,NA,NA,NA,NA,NA,NA,NA,NA
"306",306,0.20187876607307,0.226046805081271,0.0348611643007507,0.0550466303757084,0,0,0.104887184401858,0.0927407854391743,0.223383987155387,0.214324073995953,0.10263275099747,0.109693856370118
"307",307,NA,NA,NA,NA,NA,NA,NA,NA,NA,NA,NA,NA
"308",308,0.185630427080068,0.32113500250328,0.207797881363316,0.0765006876360966,0,0.0638472990246528,0,0.0640814564637151,0.136005082151435,0.145235192900589,0.190025252225528,0.049084434160045
"309",309,0.139150568564167,0.146248180334607,0.300701970566118,0.0864265580462147,0,0.129090457516768,0.18592610134373,0.291371661853578,0.230264357994719,0.399934470154174,0.160307086128435,0.222041292263745
"310",310,NA,NA,NA,NA,NA,NA,NA,NA,NA,NA,NA,NA
"311",311,0.370691671642236,0.339838893834314,0.36677512038296,0.0915294752241887,0.0827216032798616,0.119484584309447,0.0827216032798616,0.0783015293550884,0.320106836582995,0.0947365810433933,0,0.181323614803012
"312",312,0.207318668936405,0.137174898629612,0.159506637255879,0.115240874143826,0.0911324276963382,0.059475778449023,0.0397338872892369,0.138650792675059,0.254113282688243,0.196311763756887,0.0665596504934389,0.114085532703389
"313",313,NA,NA,NA,NA,NA,NA,NA,NA,NA,NA,NA,NA
"314",314,0.228970521740496,0.269663251627103,0.037712739963217,0,0,0,0,0,0.414575433130934,0.284215510353471,0,0
"315",315,0.16232774412757,0.205450462269865,0.106852465384414,0.113415933247682,0.0491494525727712,0.0640976434959059,0.0569713480325467,0.0920873693492548,0.157677177099599,0.160737595548981,0.109570316997447,0.0765342973812444
"316",316,0.351088110159933,0.34805157081806,0.0493345450692341,0.0146349141978785,0,0,0.148406218164553,0.228949214816699,0.300303691509872,0.0879063324820985,0.0932235745279823,0.262050356017256
"317",317,0.226743981077254,0.173267724192511,0.0412848950740073,0.183276057504991,0,0.103279555898864,0.15782352419182,0.170418076305491,0.217973635357142,0.252789889991926,0.132890827715887,0.0991395163399999
"318",318,NA,NA,NA,NA,NA,NA,NA,NA,NA,NA,NA,NA
"319",319,NA,NA,NA,NA,NA,NA,NA,NA,NA,NA,NA,NA
"320",320,0.108156339386419,0.221903632801458,0.116074653844225,0.43973456887894,0.140220395482214,0.407761199734829,0.22788341540264,0.164022242347756,0.279848108988436,0.428647352260658,0,0.119522860933439
"321",321,0.228122843975611,0.353073233673036,0.0189708150732198,0.289338326609566,0.0554700196225229,0,0.0180855296745241,0.189543387685221,0.242073882295425,0.178813840956814,0.149242624662797,0.0662331957963724
"322",322,0.208869309922853,0.260784577791208,0.179198186942922,0.282697020391496,0.0625081283868671,0.194316822078029,0.0478960198772405,0.0580015081473887,0.134478285706892,0.174637710088034,0.067174724637917,0.203500395530951
"323",323,0.279610711160672,0.487485803663104,0.00996097954237532,0.0417315739947455,0.00996097954237532,0.0284215128328172,0.00947383761093908,0.0630269471378648,0.474373648822457,0.177180444366932,0,0
"324",324,0.223220523721845,0.252689301567401,0.0153779372656953,0.0422940536427589,0.0211556745393513,0.0462430435028785,0.153794147527689,0.179647676672943,0.224324162799018,0.270475109234703,0.0349014850158956,0.0545557784107083
"325",325,0.498830150927585,0.580990712126308,0.0882221782707757,0.416881095074622,0.0217123766377539,0.0632455532033676,0.25298221281347,0.374882736800706,0.564977754538751,0.520273108111693,0.269952372441623,0.0632455532033676
"326",326,0.290361615076054,0.351978758514593,0.129667339233982,0.206437576645216,0,0,0.107572537339337,0.108943488888141,0.322679010983852,0.160380966834868,0.0718319685370063,0.108196294049061
"327",327,NA,NA,NA,NA,NA,NA,NA,NA,NA,NA,NA,NA
