"","ID","Stressed","Valance","Calmness","Energetic"
"1",1,0.0355439391523812,0.0848848220439363,0.0579207706056901,0.117046985874389
"2",2,0.253171741804196,0.240507764435949,0.21898161906413,0.267452502456455
"3",3,0.123578571590194,0.153582629489586,0.0722547299707297,0.210169297586571
"4",4,0.0573593234531062,0.0856550787969717,0.0733237602608673,0.210436587581219
"5",5,0.358972278170593,0.189276775147458,0.150473801232111,0.175732599070865
"6",6,0.0609293810649472,0.185042759528405,0.215792588839929,0.186887640942665
"7",7,0.112159190668174,0.0778636505699648,0.0742728556750308,0.161023719467177
"8",8,0.192119101542732,0.195153499751124,0.230532313834865,0.139641660024417
"9",10,0.170814465571677,0.11214900162284,0.184137711362749,0.0329978026184852
"10",11,0.189841388460639,0.0816516539027233,0.183100754884137,0.339805896979475
"11",12,0.144132954324533,0.132056843984815,0.106305207671045,0.150686555495589
"12",14,0.11653137972441,0.092185759293148,0.140966635101348,0.20563321905612
"13",15,0.0314151562727864,0.0691209428962442,0.124441357411098,0.16637949904655
"14",16,NA,NA,NA,NA
"15",17,0.240729985310376,0.159842205153035,0.163313775551162,0.310438299251798
"16",18,0.150312749010878,0.117011348692453,0.166366430051212,0.198378054680398
"17",19,0.23452112383427,0.102462398075269,0.153505241692571,0.145166391129085
"18",20,0.315462031973441,0.111429230218683,0.131520339777997,0.102018046307884
"19",21,0.227718292995207,0.104330679166616,0.143987065901884,0.232458917218658
"20",22,0.123465111470784,0.120322168325524,0.0715205712042,0.248430288526073
"21",23,0.0596689801501237,0.106982758871846,0.0502986272755963,0.38452018443189
"22",24,0.0457175731270561,0.107361739129312,0.120871822188007,0.151444035834491
"23",25,0.209810308647076,0.13331243296566,0.161270836572929,0.17287983398576
"24",26,0.0712764342019227,0.100228090097273,0.0673323033345452,0.217882953971305
"25",28,0.156762205182848,0.0955330935901807,0.105387719319758,0.16003566977747
"26",29,0.371127772073534,0.289547511076414,0.321015640503783,0.211267050305552
"27",30,0.0892445909548595,0.108583585437624,0.0673730087900548,0.117895553941416
"28",31,0.209841504294058,0.142813249433626,0.217099706463163,0.2557924336883
"29",32,0.268549369417558,0.0385097177277374,0.0693380973439043,0.187031278389436
"30",33,0.0643558493645011,0.27442705541888,0.253821601492761,0.232125534388835
"31",34,0.267627552735942,0.107600537796193,0.213081167012021,0.25955352524752
"32",35,0.12271007028338,0.216089063485191,0.173871347385582,0.279363428622288
"33",36,0.125370334707922,0.0918926519279391,0.0722588873295888,0.178057984632636
"34",37,0.0976800989599536,0.0687620929602459,0.111711290774786,0.104262120561447
"35",38,0.19414733441461,0.159957396034077,0.101526701259988,0.201103847547451
"36",39,0.162583188853786,0.061223024829349,0.136590830586798,0.245769288294488
"37",40,0.188367057395287,0.184339468515715,0.170728458380661,0.181922999406733
"38",41,0.142472232748814,0.1303751890558,0.0930007957545295,0.179189730401781
"39",42,0.297475349729127,0.201967924022789,0.259953856566638,0.445342831799318
"40",43,0.283677752045523,0.113376733343833,0.126931063466594,0.161508560898017
"41",44,0.151236236724197,0.140455736683237,0.140039282382222,0.260324414784257
"42",46,0.0663293037441679,0.0636689962255876,0.079426376191414,0.236117977234516
"43",47,0.37863123359055,0.245358297874839,0.282022480051672,0.271921946639126
"44",48,0.154652441120129,0.0515204593611731,0.0635089266270834,0.125231473440419
"45",49,0.225421213701994,0.0668715934041717,0.119710945840931,0.251503934562053
"46",51,0.152521499676051,0.07307155836872,0.141003587965079,0.171011050556533
"47",52,0.166123598491735,0.222021841972123,0.225859104236094,0.234251439288648
"48",53,0.136356273565682,0.147615574533489,0.139288022900853,0.191008746855314
"49",54,0.176165393255947,0.109560779507094,0.075448460762423,0.162128719897313
"50",55,0.0881883725639393,0.144453571976229,0.229293955477622,0.23669443329126
"51",56,0.0206408136201379,0.0143823918054825,0.0218639878265728,0.188230511032429
"52",57,0.136202132065263,0.234961189119441,0.130559973802549,0.106086174072618
"53",58,0.080234912671075,0.144674599619432,0.114147483782568,0.168168180094635
"54",59,0.0981621972149606,0.176591096126927,0.213306591636856,0.232276862591694
"55",60,0.140811582606073,0.0945095589985268,0.163556510515191,0.110527927804846
"56",61,0.137329911328037,0.157349216952647,0.169946413250698,0.218042245254843
"57",62,0.353018700133919,0.0817276856363713,0.148607790853035,0.203518764437845
"58",64,0.208098783926517,0.146045025612904,0.212552542989807,0.148682374205394
"59",66,0.138761260097679,0.100629267391797,0.0543912486732006,0.208266280564324
"60",67,0.208797209106552,0.174241433364257,0.0613705667674278,0.152157744149039
"61",68,0.06846293998051,0.0499343930015596,0.102573806781628,0.169989682788215
"62",69,0.0611968748046755,0.0632685847473756,0.046112015515116,0.136833395529672
"63",70,0.0889039073418046,0.0713700795995817,0.114858056623412,0.181264960271262
"64",71,0.199996555293512,0.127453309469446,0.0789541361539406,0.329073801760327
"65",72,0.0790569787704579,0.0809600149124993,0.0777304412336606,0.173413563014595
"66",74,0.209040670924039,0.160674243495144,0.0576264915834075,0.14104523292737
"67",75,0.0212656378717377,0.123407243099734,0.11750486984278,0.150149843394037
"68",76,0.153343685742096,0.0537337185794672,0.12104624425013,0.166803214321259
"69",77,0.232611027319652,0.122363692074579,0.129597371406744,0.174407847671916
"70",78,0.162682684718184,0.1728632634858,0.17974286140827,0.417110570999339
"71",79,0.129856461945418,0.0861821367288686,0.125917988989405,0.182809722580363
"72",80,0.246922418394915,0.170420121944612,0.104059546829018,0.0834155170967457
"73",81,0.178955209876849,0.158986857188905,0.0581388818002528,0.200798534042879
"74",82,0.198524423280194,0.0840928249854491,0.187446871103401,0.229799046255444
"75",83,0.222037712612366,0.103965808718715,0.161024191333332,0.113032971349222
"76",84,0.0581594171970251,0.077821680152843,0.086057287893666,0.225881946655568
"77",85,0.168473075821326,0.166320786118966,0.213745475120493,0.102619171715907
"78",86,0.0655502192294417,0.209617717775697,0.224728082740191,0.201057760048706
"79",87,0.134023928058379,0.0858282115680998,0.0896064276863279,0.100316289877563
"80",88,0.145462686589333,0.19794103910185,0.177729319314877,0.0825905570122359
"81",89,0.268535671624303,0.237800558927075,0.223671676168469,0.195859803962637
"82",90,0.158331573507402,0.159017976899884,0.21306613361075,0.187642686094588
"83",91,0.136838426632022,0.122820020312579,0.138976371220013,0.235986720895514
"84",93,0.114623303484469,0.12257719391221,0.15556290035718,0.108763062350368
"85",94,0.0503424270683944,0.0449908142109733,0.0660822036952187,0.186168968252528
"86",95,0.179937451347642,0.189704513668933,0.221569450221855,0.181051444756906
"87",96,0.08068164187848,0.131274177200282,0.182573399473202,0.221446550361972
"88",97,0.0903521647179156,0.122807824868698,0.131058811097027,0.340294294741939
"89",98,0.266756825654547,0.182694323361229,0.158595244489119,0.127156749444926
"90",99,0.0682231213335512,0.09386414462173,0.0619420291613587,0.113993524580358
"91",100,0.162141130025722,0.182684082966433,0.163426339270974,0.404259573089752
"92",101,0.214822629218915,0.0141234538558681,0.0275776634482619,0.149771694794252
"93",102,0.194678042839372,0.125926537780233,0.0841848283280504,0.153219119978558
"94",103,0.176929298382435,0.0849522284011943,0.12038952691893,0.128600501889623
"95",104,NA,NA,NA,NA
"96",105,0.218744978499584,0.0857966432272836,0.114751836224091,0.0744588303202051
"97",106,0.332897825375018,0.0376401591526772,0.0493507028867797,0.191858343427603
"98",107,0.0353382893493485,0.0628504496220842,0.0779097057003545,0.238513001204788
"99",108,0.17695988655867,0.210219163612655,0.0728608566544798,0.0486599275024099
"100",109,0.0149463085082592,0.00917406113540105,0.0430245211483886,0.3553927690876
"101",110,0.0883871293894668,0.140161525180894,0.135325080731997,0.191119363195649
"102",111,0.226915062776514,0.181868235715435,0.186309916570381,0.140019923503465
"103",112,0.015655022642861,0.0714084317945182,0.0598912847191412,0.17078760873395
"104",113,0.117145093433748,0.114004510980065,0.11635508772721,0.104408369200445
"105",114,0.389355077138201,0.0723838971832035,0.15524450760931,0.374635108510493
"106",115,0.225315130022587,0.12761175842449,0.11795721121614,0.0948686592473217
"107",116,0.419557075099124,0.188818546643031,0.11077497748383,0.109572662241512
"108",117,0.16076917396344,0.431864876964845,0.39683477237164,0.293601531102851
"109",118,0.128111621990157,0.10062457948175,0.0658793789716353,0.124383908614018
"110",119,0.256011129789177,0.118877084601095,0.144572334402969,0.165220211535144
"111",120,0.0643106157302631,0.136670164242738,0.14511752232142,0.218422503128422
"112",121,0.247693856475311,0.129402660603557,0.0623081020954769,0.301121589279668
"113",122,0.121212267861523,0.0531629267519855,0.110461246985016,0.16808018344812
"114",123,0.11453853935567,0.0539692903876756,0.0357577963275383,0.225999831823192
"115",124,0.0905921228789415,0.0181086198395454,0.0190206385428159,0.403876513478084
"116",125,0.0709014685805473,0.261594453567229,0.131748896566741,0.206780701234199
"117",126,0.0259557094375506,0.0694008367566027,0.151379691564009,0.219348265874677
"118",127,0.131312986093095,0.162127673903198,0.0691883207492546,0.125266292279957
"119",128,0.0675260040688572,0.108487397267985,0.114111649049734,0.135133531831215
"120",129,0.0763225455275991,0.0539455584639268,0.0900643132404418,0.13549874724787
"121",130,0.302729983212752,0.155014027471209,0.190490230127798,0.162221395482777
"122",131,0.0799882879842722,0.276768761871617,0.287773433377067,0.204858985886695
"123",132,0.20915068299992,0.0797749005009834,0.0594328630311493,0.12997942921266
"124",133,0.0954610582731586,0.145464669019892,0.12020606796581,0.0859903127369213
"125",134,0.246094113754535,0.104086591502585,0.113710154502882,0.204548278294757
"126",135,0.139061526521531,0.0739272940543238,0.0531298317523591,0.115738225396022
"127",136,0.171381623706241,0.106007123400625,0.108888471741437,0.118870458408246
"128",137,0.171616062764978,0.253388341277932,0.179765333036663,0.379336273897678
"129",138,0.153023235866197,0.0907446268052548,0.0779342455474248,0.0805002584703637
"130",139,NA,NA,NA,NA
"131",140,0.180126434731145,0.0997919331790052,0.0868096476618311,0.121365206142528
"132",141,0.185440460447461,0.3385499329074,0.302463647080623,0.19805331283571
"133",142,0.0954360642260653,0.0690763863224391,0.0893626552916058,0.137827525422583
"134",143,0.0584532209558227,0.0347254285342045,0.0331557138788286,0.0367208265890265
"135",144,0.250419676431667,0.240677092357616,0.170243872141795,0.234311859799075
"136",145,0.229344772366435,0.221213830898312,0.194570168380592,0.127395790653334
"137",146,0.156260254023266,0.0936143394709494,0.0992521712052124,0.127021177416256
"138",147,0.129803065028887,0.141491946091795,0.0907209236538182,0.330599541251278
"139",148,0.0428429768078332,0.0966931755718032,0.115025082923538,0.164644600132614
"140",149,0.265203072796783,0.111372398099455,0.170809741039035,0.11282820672459
"141",150,0.0671594389766698,0.151609186522492,0.112961130650322,0.408715636926865
"142",152,0.0958779283967679,0.0420838095314311,0.027030060474167,0.0994331581799222
"143",153,0.0345939103302561,0.22610040289092,0.256470454490138,0.108077925872336
"144",154,0.0443134062048698,0.105068096350206,0.125604586023228,0.177763400208504
"145",155,0.201474440472827,0.098773523919343,0.111847019096487,0.215116247440995
"146",156,0.0560012301472049,0.100412494022355,0.107377005063048,0.096754371239812
"147",157,0.229588483805493,0.189593135895669,0.153407343574765,0.202359089880495
"148",158,0.205470992024069,0.167860139958038,0.202425483260867,0.229215719844206
"149",159,0.0127575255197755,0.127000454355098,0.139862913410185,0.210101243495619
"150",160,0.0756255075929843,0.0492640586893087,0.127117590535829,0.141796762029964
"151",161,0.159033308963093,0.12904422530941,0.170406385911724,0.13301413217748
"152",162,0.211040699243317,0.127549294229232,0.122491581384618,0.269052484117155
"153",163,0.0372500086466981,0.0780847017413099,0.086219801519052,0.238599993480686
"154",164,0.147217661695215,0.0591901223311109,0.0526471810192705,0.0842992334305191
"155",165,NA,NA,NA,NA
"156",166,0.185808259311888,0.140099991921019,0.147099172092733,0.166976195804925
"157",167,0.0922395511934032,0.09950826093203,0.09135444576579,0.149600192367165
"158",168,0.210936804153141,0.0841927873270646,0.101972689875141,0.153852161445816
"159",169,0.0315962516380623,0.0114122487903428,0.10504695949966,0.191903692461443
"160",170,0.135851150984774,0.0995280899864311,0.120161086235585,0.189140683511651
"161",171,NA,NA,NA,NA
"162",172,0.141343268748883,0.0778031174960488,0.107243281473485,0.201399467731979
"163",173,0.269353218436005,0.106420563993843,0.201836370894114,0.266839619273752
"164",174,0.143198007896803,0.100858572866299,0.0724565473767423,0.191770378771853
"165",175,0.0989861142187719,0.0702508506382457,0.0738402769618502,0.136447798953299
"166",176,0.242098582429291,0.129941556107523,0.244836016683728,0.306311198288545
"167",177,0.319114515190337,0.25646759502463,0.186653566473166,0.253992650705072
"168",178,0.167983879515568,0.13590475146927,0.152070032895891,0.215530450621653
"169",180,0.0272364429165444,0.082136662516563,0.0579721600346553,0.314186311922928
"170",181,0.0591843234409794,0.143788548541416,0.142218293683744,0.127816983131172
"171",182,0.174838665644428,0.065888074873903,0.0246683927558824,0.145423599258949
"172",184,0.223511671627613,0.184518465238111,0.164538155638451,0.20192385966207
"173",186,NA,NA,NA,NA
"174",187,0.0734389434514818,0.0564374803911365,0.0663180131509331,0.0482753056105633
"175",189,0.154824823415619,0.10029078709096,0.0539758867872118,0.102711691951196
"176",190,0.153176968494248,0.231502977477499,0.158273074862141,0.266525590888117
"177",191,0.290544268456124,0.299089681855179,0.312200502065827,0.230040344375638
"178",192,0.142770748427367,0.0795260457378296,0.151716812314899,0.215125046279678
"179",193,0.352818793095996,0.315331023453223,0.34910297515029,0.316630663651419
"180",194,0.360672940171927,0.285073791766673,0.330710519404783,0.17801633599086
"181",195,0.224025656050605,0.124417893048974,0.160730772627066,0.381613860600847
"182",196,0.455410357257713,0.136961651900135,0.231255869289235,0.186673341222848
"183",197,0.0838354353009659,0.0593073790667151,0.0564255076082528,0.164897056226544
"184",198,0.30945434917615,0.279954610372723,0.299304991437045,0.318955312819901
"185",200,0.0869298336539701,0.121265839779683,0.0924967477636044,0.190429414233261
"186",201,0.122287330814563,0.183952566133586,0.0628509032873674,0.109589386644887
"187",202,0.24664696748846,0.102889263990203,0.113628706153767,0.126693638716277
"188",203,0.12040573530685,0.108878637046464,0.128835200080673,0.204374368895162
"189",204,0.0143544418206175,0.178786220096686,0.133226123557571,0.232595786725197
"190",205,0.241756362515483,0.0989978122840691,0.094670688216097,0.158071236014456
"191",206,0.0811601713479989,0.0315000106772204,0.1142060076528,0.235975906797014
"192",207,0.215415271125433,0.166220466062919,0.131720232520145,0.250011793065792
"193",208,0.120974406948743,0.180106449013929,0.151081504346004,0.272288279493001
"194",209,0.0831973659769389,0.136767772180468,0.097985618531197,0.191946033430047
"195",211,0.170641244835622,0.147372623412055,0.21862151017492,0.219880276154667
"196",212,0.134080261099525,0.039781853432737,0.118076127187759,0.147642630316666
"197",213,0.0445498659946413,0.111979163459991,0.035763242209334,0.159425712530685
"198",214,0.142401894329353,0.0320190108163793,0.0437686723189588,0.100433579177821
"199",215,0.159498707167777,0.115872598642873,0.195992869733115,0.11337739238234
"200",216,0.158325747718753,0.141556471469331,0.140104371823754,0.135239046330965
"201",217,0.100981129953852,0.0927951873578427,0.11515722046304,0.266398958760782
"202",218,0.0576210595833602,0.0493708175948744,0.0646752019824019,0.144051468063129
"203",219,0.127784149500047,0.0802827576116365,0.128666879616087,0.168767837070264
"204",220,0.040987508634237,0.0552829936986147,0.0893650091887241,0.17157429155649
"205",221,0.0452716291389562,0.077674017680555,0.0627812464659714,0.181494127681029
"206",222,0.155686447660889,0.202337647324938,0.196512302245556,0.234503719056553
"207",223,0.0506190565241188,0.0475400903903771,0.051787559561774,0.210210547513287
"208",224,0.063280843491877,0.124219574064225,0.218751790103981,0.22854740077932
"209",225,0.183905057700621,0.107790145918378,0.118049362167489,0.196831367960152
"210",226,0.221348544656526,0.240904651875762,0.146817552167005,0.278215445722979
"211",227,0.465608568196464,0.260525053711874,0.310464180836362,0.320709827219842
"212",228,0.196605970909654,0.165915060988915,0.0749474382225206,0.0905069716581527
"213",229,0.0424264068711928,0.0667387630991164,0.0499767306965059,0.26345065951711
"214",230,0.191131787086257,0.0569302602057543,0.076892333643818,0.104916313904276
"215",231,0.145442669764021,0.136651292608971,0.163815667695348,0.178215816632507
"216",232,0.005336281744665,0.0586450835771117,0.054476525515833,0.210864700602248
"217",233,NA,NA,NA,NA
"218",234,0.176183691555249,0.266387529227948,0.21870316651368,0.251736154459666
"219",235,0.166075065248423,0.103402393773999,0.156568715671275,0.0683283620881857
"220",236,0.177489624796188,0.0548657397174234,0.0914251588909451,0.169565780427751
"221",237,0.142475370936533,0.110755956349001,0.0930773098832954,0.1960149327464
"222",238,0.265801978979358,0.169594171385491,0.157556645811617,0.202966358939758
"223",239,0.0433602999595873,0.0752072815615393,0.053366332995959,0.304694643903462
"224",240,0.161604243764934,0.0995237362264228,0.10838184445658,0.231356355359565
"225",241,0.124751382649807,0.149479318458566,0.173479621577221,0.255434972621879
"226",242,0.192889918508102,0.0720940149483854,0.14437632743054,0.233108406816199
"227",243,0.0335261092300877,0.190148626079308,0.0194550764576981,0.450111097396217
"228",244,0.19819934388077,0.0701710167365269,0.123544579154533,0.291623412165448
"229",245,0.045505558472833,0.175365075977259,0.128030427685182,0.291224213228461
"230",246,0.154511563983621,0.0441934345381089,0.069938170155676,0.0840476423778088
"231",247,0.105844574823961,0.0963178465553559,0.135126038129072,0.242865084014368
"232",248,0.18670893114777,0.0772938740698801,0.137343424437007,0.210698898339386
"233",249,0.223715271006243,0.0845367101516934,0.101001187662656,0.158164269873395
"234",250,0.0279677056834485,0.125427624932616,0.0857091804825108,0.124400950548001
"235",251,0.0859711990907134,0.0707192897148458,0.0830599409089815,0.143700773954205
"236",252,0.135645683372472,0.152962478744914,0.171750694000794,0.104339736923129
"237",253,0.285893026278381,0.171854369406631,0.118957486422435,0.322329240817664
"238",254,0.202623086953714,0.0919982907108571,0.120375122478369,0.149861693446105
"239",255,0.231505581389195,0.0523522232184328,0.0683247680491653,0.108983112982529
"240",256,0.0667414140341184,0.119554514723945,0.0630048375295866,0.0585078472356466
"241",257,0.0113351796534184,0.027275778020138,0.0258232513161709,0.0781382151450697
"242",258,0.216963221966419,0.185692017502104,0.159322218189783,0.184080103183902
"243",259,0.0549976738647736,0.0359939978226133,0.038011320243956,0.156918400612682
"244",260,NA,NA,NA,NA
"245",262,0.176550237458851,0.201404353469808,0.245650428948812,0.154543219449807
"246",263,0.321637949329379,0.224162428423172,0.323965989116565,0.33933054427144
"247",264,0.148839469283571,0.0791053275105217,0.0978098086795686,0.121792105146467
"248",265,0.211555098760974,0.110813472041745,0.215638428624913,0.228363351102776
"249",266,0.209729097751145,0.116444245598482,0.0916520570403068,0.186759727416176
"250",267,0.128512155046467,0.0662296287098136,0.0901500096028429,0.0966512162988358
"251",268,0.0481107069060428,0.1245991625486,0.125681383914024,0.189405542992326
"252",269,0.220515196051905,0.134102652173308,0.171362934838446,0.26668900850294
"253",270,0.138570637015352,0.113153940053782,0.0638916173088649,0.298435506151214
"254",271,0.252733471581644,0.108640239283934,0.14471991571761,0.165910037823398
"255",272,0.0529699055667413,0.0545743793042986,0.0270623785828452,0.28614689473915
"256",274,0.259224123868752,0.0989552798744228,0.110181180952364,0.0753143613748812
"257",275,0.172806161967698,0.0562020783792305,0.0581235828914355,0.123393818912307
"258",276,0.168214550089924,0.0591931340400917,0.0960005213076061,0.219975890767088
"259",277,0.116726175299338,0.0690862986898257,0.104326543974933,0.216900514829552
"260",278,0.0956430914320026,0.128526406956018,0.114615796986547,0.188776888861135
"261",279,0.105228318801562,0.151130749434304,0.131438646352625,0.166556614513874
"262",280,0.0253870457133277,0.0182283717829018,0.0250231928033204,0.0131726457944586
"263",281,NA,NA,NA,NA
"264",282,0.0706032405025587,0.137311744251575,0.124320323002092,0.209106898639783
"265",283,0.0709078329045958,0.0734830686388919,0.0520173495276875,0.0906490249491171
"266",284,0.25453762520882,0.161413174359917,0.167243829585768,0.1918190823749
"267",285,0.229136466828771,0.256828980047413,0.277167360752338,0.117011699016938
"268",286,0.0058987788621485,0.102003080613543,0.078861796304828,0.360384366865244
"269",287,0.125407946425342,0.0973194535720316,0.0830267138355876,0.306559090513688
"270",289,0.119845338391421,0.172684163539344,0.200456541887725,0.219385801964406
"271",290,0.184525149220875,0.125230489500901,0.108577598002217,0.214490470860099
"272",291,0.0402402568259401,0.117412126039712,0.134640286053901,0.224013467076805
"273",292,0.226085701328705,0.229221776043124,0.0756806543240359,0.158629223457979
"274",293,0.166798342184682,0.0990332492430875,0.0823649090742725,0.0712784834205744
"275",294,0.0303444110188624,0.0630426814686175,0.101861491040411,0.250300414217328
"276",295,0.0422849700661171,0.0624582398365888,0.0858427322508705,0.124176339982224
"277",296,0.174373381224766,0.255901440070958,0.291302306754231,0.152964280026537
"278",297,0.207169275227506,0.0594238178120429,0.0307443197050884,0.0922315597727419
"279",298,0.117297763796923,0.0864845463078344,0.140446139282308,0.158259629843389
"280",299,0.0136151255063468,0.0249106602263251,0.0416645714248268,0.283117626788804
"281",300,0.105019413599454,0.0787559099392372,0.102677819780758,0.215954883292495
"282",301,0.156089202081332,0.211051301147108,0.203250067498611,0.216560839526942
"283",302,0.207153604872015,0.141637406814913,0.265561843038589,0.183818642753862
"284",303,0.0145402933204324,0.0866998313982175,0.0621878119630841,0.121870386917102
"285",304,0.111174319452021,0.125101732268774,0.038035278138442,0.10748771824318
"286",305,0.148385350295759,0.150895732331726,0.127194295129224,0.295077420945679
"287",306,0.295508485784713,0.156414652955966,0.255228283892527,0.0516568115121279
"288",307,0.0385049756972214,0.0575007571619109,0.111395349484067,0.290359747251486
"289",308,0.11730449411538,0.127923681768334,0.16894512263861,0.326759903755677
"290",309,0.244229990650445,0.127792642351549,0.266105116975233,0.175591133497971
"291",310,0.208639624953289,0.146853157255989,0.126439786185221,0.14754816038631
"292",311,0.156859439526218,0.225886603262837,0.209873542715873,0.180178724203283
"293",312,0.341820800755095,0.0564463810633782,0.174815944596777,0.0949574923542694
"294",313,0.118263841519002,0.32561313806538,0.268873974669222,0.328449536251591
"295",314,0.101397370955716,0.093153656955557,0.05954132604345,0.152111212728543
"296",315,0.224404689320143,0.174207287812695,0.193052626444101,0.182803427756109
"297",316,0.364528589383741,0.0515840817881543,0.0459429937565944,0.232831266425357
"298",317,0.0183656125509028,0.00112810559855914,0.00418799427567888,0.38288205436561
"299",318,0.001875,0.179818702100198,0.0988758428114099,0.274525158227802
"300",319,0.237510952816235,0.199582856986154,0.143208234878615,0.137281142376349
"301",320,0.0618536591076043,0.223614044483178,0.0973971107750369,0.217981747014342
"302",321,0.0869846790698288,0.0809359498732118,0.0667969959389476,0.16987023452163
"303",322,0.217639295109795,0.177322843592402,0.159312069749049,0.197557999075416
"304",323,0.0186755822916444,0.0103206074439507,0.0167368390033128,0.230772793785915
"305",324,0.0705123963591795,0.136573148062286,0.111048135154647,0.189141499661619
"306",325,0.171353755092247,0.0709375988043607,0.121686174766156,0.0971467870548412
"307",326,0.111271225390461,0.0729108924671252,0.0870410806012112,0.284317118239815
"308",327,0.00676221376271016,0.115478271297779,0.0465244070189625,0.0575764231061131
"309",328,0.176895769054367,0.0882210981415345,0.106727475987788,0.0978266294546854
"310",329,0.218128766397358,0.0718822891403652,0.128671092324315,0.269731458164195
"311",330,0.211052598659852,0.209899008048797,0.252286196370732,0.196969321476146
"312",331,0.110133804552588,0.260693233464318,0.198216590171855,0.148842115971687
"313",332,0.304969727889625,0.217758924564313,0.195714741897707,0.404284902533382
"314",333,0.111239728415038,0.105074947570986,0.139839847000669,0.129470877368344
"315",334,0.117762859330529,0.0614233853341215,0.0761430283581455,0.300801289197663
"316",335,0.0318151401645531,0.0756107095797741,0.0833326094385346,0.134408733150999
"317",336,0.188797237725605,0.127494145119166,0.139190917506649,0.122790819351434
"318",337,0.105544826194858,0.219710218854776,0.159212261420164,0.23703451866303
"319",338,0.060327601200604,0.0637079882768039,0.166611517715038,0.0938636762345565
"320",339,0.238901396348255,0.0593633932255094,0.161565547025649,0.263016987210008
"321",340,NA,NA,NA,NA
"322",341,0.224741488180323,0.37044586333294,0.275732189430673,0.113496512390895
"323",342,0.228960871057405,0.298077343612689,0.237020255177085,0.216173319225259
"324",343,0.13394106438948,0.075708455970702,0.101398238208982,0.181006859010138
"325",345,0.124372495954172,0.117473454826912,0.135420407922201,0.153332911964269
"326",346,NA,NA,NA,NA
"327",347,0.131490589518952,0.0681024220880248,0.0739684906654269,0.0956494327141221
"328",348,0.0318225708741853,0.0727121239623005,0.151202871946748,0.0956452816953198
"329",350,0.105321195302874,0.0508049003112991,0.0822740652516354,0.173044883872573
"330",351,0.0921171640066683,0.0635734317310287,0.054060186170777,0.245248703594749
"331",352,0.106672443641225,0.0598337714971088,0.0503154195618644,0.0819055621496327
"332",353,0.0937724697379045,0.109661970369249,0.127890717148704,0.198820684218322
"333",354,0.0265208040329938,0.392606844012727,0.253011695262012,0.33348344909779
"334",357,0.142708401845834,0.0983304855682374,0.122648654918709,0.161684915479591
"335",358,0.141886079450573,0.0605639348468989,0.0755456926899045,0.12242909183572
"336",359,0.0888538259995559,0.101363051056392,0.0729022396617802,0.0599375765977512
"337",360,0.0802504912861804,0.114098587462705,0.0762931566054901,0.210427923598825
"338",361,0.0751895009413593,0.0233928431238218,0.0430099995103207,0.086272034373501
"339",362,0.234775389191221,0.0519316405130553,0.227526640649505,0.232806772741879
"340",363,0.109988064742145,0.303411451635389,0.251228619166726,0.348949977940695
"341",364,0.059845818645505,0.0634521253389519,0.182249161914693,0.151583554137168
"342",365,0.113336686644136,0.0855342186688207,0.203719244117296,0.240774556255097
"343",366,0.197736032723819,0.166722814254091,0.0738939185679711,0.20494909482996
"344",367,0.14622769801294,0.228163823020353,0.283291313513165,0.186738931537834
"345",368,0.020652289979324,0.0181104888914514,0.0165998589307404,0.381078623445221
"346",369,0.0901986469616314,0.0894340241237167,0.0566811807059818,0.0848102207205666
"347",370,0.116566526506522,0.081197884836437,0.101205321037592,0.0345431545110997
"348",371,0.128785475050541,0.133146147699072,0.156341046483099,0.0786891709291853
"349",373,0.217918168912842,0.130167733699911,0.0884380855971476,0.194362137049715
"350",374,0.273159037932836,0.0967077961057136,0.158823132059809,0.188576984339732
"351",375,0.162720164019564,0.0285020045645871,0.0343203290037148,0.211194916157829
"352",376,0.0965845299640182,0.105686384678907,0.13009726394549,0.167231112553647
"353",377,0.104755480010636,0.0732278397239745,0.123360675984096,0.130192315141302
"354",378,0.105538277706668,0.108016839412824,0.0941259224609455,0.18983374589078
"355",379,0.272823245804877,0.343051659046559,0.272840470038383,0.420117211629576
"356",380,0.127905379799244,0.0705380133925159,0.131901307878829,0.327977970904149
"357",382,0.0959216974780246,0.120667525366274,0.100439144108483,0.148937890224068
"358",383,0.0953434452278187,0.063279872325682,0.0572623052209582,0.0888593986378365
"359",384,0.233422049057369,0.18246795288599,0.122851074775072,0.21248947689201
"360",385,0.053079509401292,0.121137013337464,0.106382518746947,0.123261050502638
"361",386,0.0146809327635902,0.0643980088593792,0.0714495342159289,0.251817034516732
"362",387,0.206126649913494,0.0624895156515475,0.122969633291507,0.152627020658329
"363",388,0.103010725507803,0.116010127205647,0.0617596756601017,0.214597063237025
"364",389,0.259726302492161,0.18613804075432,0.164175661154618,0.290285954242851
"365",390,0.265000152022495,0.115937985951053,0.195322716760841,0.119727659723692
"366",391,0.327882765314277,0.264724322043709,0.325252785889429,0.149224072370788
"367",392,0.0821710458165992,0.0602652334670246,0.157504025012898,0.120721677457573
"368",393,0.264998877448632,0.142058915360783,0.124708735293272,0.158498950660124
"369",394,0.216976972035334,0.101456366599143,0.0952457338279302,0.0927506655159168
"370",395,0.0731342803441168,0.0651069097370314,0.0400680989687636,0.113606471455344
"371",396,0.129201088772634,0.136380302060652,0.115655043553233,0.0980022421275209
"372",397,0.0992316890777774,0.104756740390878,0.0510037635457987,0.146841012529609
"373",398,0.137766698384475,0.0791450937193368,0.0382906473373292,0.284061198335155
"374",399,0.186363345604982,0.17179471375663,0.125376356056562,0.18878733673568
"375",400,0.144975598079602,0.149297128065691,0.172502831594461,0.109282922865725
"376",401,0.106196882147174,0.0356876885089642,0.0554244981934443,0.145093959021191
"377",402,0.147378056018111,0.283656327443405,0.187441208860331,0.200692027412277
"378",403,0.1556526113733,0.142960139894197,0.208881865622247,0.336564478486396
"379",405,0.155559275441864,0.112760660370987,0.168215332015447,0.182992902021321
"380",406,0.0165062275716194,0.0535460885724828,0.102219299726593,0.11889597906397
"381",408,0.251506715600556,0.0958452979448381,0.0491872017046323,0.0923418503886874
"382",409,0.115274175730003,0.0558397551078547,0.0939380334502678,0.13772571087023
"383",410,0.0903733363692911,0.0229614259573017,0.031882201881458,0.162492355584576
"384",411,0.187480145616237,0.149299863314205,0.22350218870283,0.177000821736187
"385",412,0.126206495692886,0.0928602084238783,0.0787566809864907,0.169383698383023
"386",413,0.114270088480925,0.133860368131991,0.0634442525671113,0.220183317920406
"387",414,0.177931980021155,0.129616902529822,0.104852139247445,0.164731527206566
"388",415,0.380811467254383,0.1463297396758,0.323567549043311,0.200915590001788
"389",416,0.116410364445399,0.0878952782536995,0.163757857545272,0.115371954132906
"390",417,0.0423511923731927,0.0592085665016967,0.0225761887888384,0.216298206290083
"391",418,0.0648716032229344,0.0641761893393576,0.0890309877861035,0.172297132644121
"392",419,0.0672115532888528,0.0620043240989631,0.157231404485536,0.197234114441793
"393",420,0.152309834420097,0.0868944020146937,0.097725980333283,0.0876028162537887
"394",422,0.0720193044892027,0.112246998374231,0.102172211914468,0.0886282513584555
"395",423,0.0137511591731464,0.0212495726629509,0.139999362759913,0.00624994447948835
"396",424,0.166826854148644,0.114157949438886,0.0969622595291633,0.135649172355829
"397",425,0.145943772425993,0.214223046344869,0.120910263923644,0.307445810789844
"398",426,0.0695046614914668,0.10729629187568,0.0942798653779586,0.128338449329837
"399",427,0.123926097479781,0.170720672950138,0.176695402250699,0.143396979694182
"400",430,0.0825562391860727,0.104456312110459,0.0666338923031208,0.184918681229926
"401",431,0.113263446807078,0.143431626286481,0.0695783744153791,0.0905664695364439
"402",432,0.232854085361958,0.147548390829541,0.0660006842093744,0.268574244173966
"403",433,0.106110901085112,0.265961672575345,0.203420889743887,0.250779322975911
"404",434,0.0255934032174665,0.0774568075899302,0.0535227455874958,0.111116758033072
"405",435,0.0646100131122799,0.078306042961261,0.0843744884433947,0.100928292943366
"406",437,0.20311781602762,0.0781897536222649,0.0763728200331537,0.0980207955601387
"407",438,0.0709268520029613,0.0442412799439818,0.0709984050264908,0.0882648716176723
"408",439,0.565072049257656,0.239896847028555,0.144324545813561,0.034804449215737
"409",441,0.139799962338821,0.0411403563567344,0.0783103353653535,0.113748406578002
"410",442,0.136290826249729,0.218442937389949,0.13893601958994,0.307642275921617
"411",443,0.0585300359126719,0.13286047710052,0.12397484242632,0.14537356923466
"412",446,0.237519833588772,0.124197429231344,0.052544239066187,0.216756393111215
"413",447,0.082090378702117,0.0421296323057922,0.0887341983834302,0.0525716089683239
"414",448,0.200606345097036,0.0782161847932188,0.166732914791295,0.172748169091214
"415",449,0.0223606777788945,0.0732409398909095,0.0774741333740508,0.150483453263613
"416",450,0.129329741792981,0.0842842597571832,0.115911006324787,0.180582546612239
"417",451,0.330921810668844,0.0650321511221438,0.203220051090296,0.0759835704866556
"418",452,0.352144900182624,0.174159993492703,0.148243326354742,0.26685308669948
"419",453,0.109650939676789,0.115443879590666,0.0842197113746138,0.13386621957563
"420",454,0.140816249148181,0.128210097916718,0.271225876632534,0.139163649269449
"421",455,0.0445066012322754,0.03683144362389,0.0885986624382912,0.156227390194936
"422",456,0.172704897291819,0.0938427582814635,0.157552211698588,0.235505895131325
"423",457,NA,NA,NA,NA
"424",458,0.0547428563239065,0.118754086816626,0.0159833847874543,0.264497300263969
"425",459,0.14626918461277,0.125993935766717,0.168973889581246,0.0909340790623335
"426",460,0.0585614105048042,0.100150004223471,0.104406591540153,0.382147626957819
"427",461,0.117720789628411,0.0454329883613286,0.0853698783980407,0.15314716413226
"428",462,0.0125231631744686,0.120358380443039,0.0521945727186193,0.17822745674655
"429",463,0.313375946532727,0.0545599983302289,0.194312163186428,0.22163220544074
"430",464,0.15911338861208,0.0383514234148909,0.0396327061326694,0.152077493025075
"431",465,0.136711701950971,0.0870142214557454,0.0819967649611986,0.123747073537436
"432",466,0.259234395066019,0.17712312431017,0.177373094010837,0.412828814056602
"433",468,0.303997198553728,0.331355838065239,0.394156461550987,0.235062571560454
"434",469,0.22868320388805,0.059015928149758,0.147703328327485,0.170142094526505
"435",471,0.119546273835691,0.119275315370994,0.0710941707742803,0.119743838018939
"436",472,0.0877917532486028,0.0769105479354971,0.0855404580291445,0.250512201932199
"437",473,0.171313973926973,0.0676569108344767,0.160726979653616,0.10652475950168
"438",474,0.18003710167077,0.0650331204411831,0.0709248012460735,0.0766414228295254
"439",476,0.251557415906816,0.134451324080934,0.347639322105643,0.288780016053527
"440",477,0.0542757935741087,0.168555709945202,0.0746893569844398,0.467388037502436
"441",478,0.330588860671759,0.100943004508131,0.195121947224048,0.204177019902011
"442",479,0.0947609802361417,0.469750075801407,0.455698636073769,0.242558253992365
"443",480,0.309894341528679,0.241439752081032,0.145712715625535,0.211144256607191
"444",481,0.0783116678961553,0.0374886747723046,0.0424082161356264,0.152655766181336
"445",483,0.0602423063483293,0.0587365974030125,0.0973605044340543,0.147597856262247
"446",484,0.283624975664572,0.0794581593366037,0.182172096033092,0.164625712945682
"447",485,0.110344315603418,0.0862904079085743,0.0644454436212396,0.131983731103453
"448",486,0.260799640733087,0.122121378010997,0.185262387485153,0.138010348988729
"449",487,0.107132445980561,0.0674230213756132,0.0709368983878081,0.0951416990439135
"450",489,0.122435456040272,0.145343873144601,0.119722796943499,0.194738033275464
"451",490,0.0820960490397312,0.0992721712686447,0.129545391710809,0.140746996783918
"452",491,0.162403530114741,0.070573154914048,0.0626580586787591,0.132194934521795
"453",492,0.225114605061458,0.0671671884364944,0.150688262320403,0.135863121478012
"454",494,0.0830816075915555,0.0690189258751467,0.0971387806069345,0.165675554632216
"455",495,0.0716156277699844,0.121801829732144,0.120569255291254,0.108659823543653
"456",497,0.320125410409511,0.108407851639861,0.0737024938802257,0.0965808760023768
"457",498,0.101710092246233,0.0936296951054675,0.0612975358670494,0.104617295505618
"458",499,0.0767740739757323,0.10271766068663,0.129837594889154,0.0747608132430523
"459",500,0.166944653879268,0.123864655573972,0.138955573036357,0.112348204130111
"460",501,0.0149675153523057,0.106747091135832,0.0107315080254296,0.191276007061069
"461",502,0.0230372813347638,0.119840721398995,0.0328674128515528,0.382770756771844
"462",504,0.150248315653797,0.132567511249342,0.112127467109997,0.164563926619561
"463",505,0.183048365141808,0.243614632881675,0.246411905068057,0.148429593151655
"464",506,0.0797797163484059,0.18709797905362,0.210977351894004,0.308207963670024
"465",507,0.263885305673647,0.0220400895752243,0.100127339597725,0.141496811545681
"466",508,0.273970855502641,0.268927305795398,0.297973376478365,0.183431003555793
"467",510,0.147363156493904,0.125280267606701,0.135968599465282,0.180409638272622
"468",511,0.0979916908779073,0.158967003510537,0.150785210650458,0.13098069047612
"469",513,0.0834609467515064,0.0720738901992562,0.0919344976171015,0.16384808421796
"470",515,0.217313691324195,0.267821566163209,0.267717477950154,0.248306812195272
"471",516,0.235194772098555,0.0870099233307043,0.272912885324348,0.299170444191157
"472",517,0.150518964592066,0.0765175261063756,0.105263172627157,0.25090605273438
"473",518,0.188240617404159,0.302697440079634,0.302831279039479,0.32723888512765
"474",519,0.179292504456447,0.128703489353035,0.112966704485346,0.218588297449294
"475",520,0.0827466585185424,0.0582696719605375,0.0520187089041659,0.150218981197391
"476",521,0.1100807961054,0.0950484126144761,0.0918595631640432,0.109297509681514
"477",522,0.348829648278786,0.0905012959841342,0.103490450179677,0.146514264353485
"478",523,0.200551960907181,0.0994748762345712,0.207554141560687,0.274839860777894
"479",524,0.212045978263862,0.152121835148732,0.170184387465342,0.337385496186211
"480",525,0.588540564528042,0.141812228649702,0.41620890470075,0.264689178642242
"481",526,0.0498597465510578,0.0259029966408023,0.0443597748900875,0.0252270890760073
"482",527,0.545880718769243,0.393200804548383,0.357491821309363,0.444013843074768
"483",528,0.183878706588366,0.14101290487122,0.151212994270226,0.242738424344331
"484",529,0.357690187949852,0.200100144962629,0.266476863487329,0.141195021029668
"485",530,0.245935849010449,0.212338205480902,0.204980594461147,0.0701552070237196
"486",533,NA,NA,NA,NA
"487",534,0.011331738687143,0.0770016372258109,0.0727921337568793,0.221281780164145
"488",535,NA,NA,NA,NA
"489",536,0.192810304533936,0.158327439046243,0.200956360727733,0.114086721731062
"490",537,0.158169830124503,0.12069136807093,0.0399703619032436,0.318087553621416
"491",538,0.0837147426998945,0.140052927824565,0.165540754218131,0.167824121256003
"492",539,0.0709720913558242,0.0269905700232813,0.0599728404560639,0.0892886552733444
"493",540,0.0978093376036358,0.096952857061698,0.165556873811622,0.18769174268244
"494",541,0.243819523726744,0.104796085830336,0.175450615029298,0.156009939037943
"495",542,0.122491530232424,0.197154724023555,0.13509932920579,0.181873912060611
"496",543,0.187134571927043,0.0656892348468422,0.104386478347038,0.127788653216032
"497",544,0.148164745258667,0.136662292584451,0.129327418736108,0.267110077281157
"498",545,0.133212648383801,0.173447723435337,0.197503523078374,0.0928076951530957
"499",546,0.228848064302277,0.175000538046869,0.11897735351662,0.259247977510621
"500",547,NA,NA,NA,NA
"501",548,0.189783804914352,0.128729345619043,0.180425250062888,0.297759352497079
"502",551,0.179991136432362,0.0594735448852678,0.0780996486433121,0.05549466841175
"503",552,0.127942899652966,0.136774989760224,0.117314731651202,0.177688389747642
"504",553,0.263070510143274,0.117900553795864,0.0978553867375399,0.123620900332485
"505",554,0.159962199617691,0.0390712379363464,0.082761901979599,0.0553463596312347
"506",555,0.214800472041853,0.132442258609789,0.149007190582373,0.162243357962233
"507",556,0.0418390550513719,0.0807263612621108,0.116737966390043,0.0978339908368529
"508",557,0.233452521019975,0.0378029202541838,0.0520535900378307,0.151101058654952
"509",558,0.14541775582598,0.15234457176932,0.106648269216512,0.163601377212694
"510",559,0.129751432894594,0.0664378929344728,0.0761806083079466,0.0739254864468501
"511",560,0.143201058312244,0.0931152451944318,0.127908006028618,0.121294655623701
"512",561,0.0255400911906195,0.209836257240443,0.194059431027624,0.375443276296085
"513",562,0.125643712434616,0.0447463133829757,0.0795362789520317,0.100701397748405
"514",563,0.218384923242767,0.328768316500982,0.216789582558718,0.2345248147849
"515",565,0.214987161217305,0.248144223555253,0.202922608879349,0.178610610384562
"516",566,0.266631798392218,0.0902807152670814,0.0878528036254499,0.137757483923214
"517",569,0.167565275689046,0.0640010796836666,0.088380568699427,0.136452474950581
"518",570,0.0575857796719562,0.101107900412369,0.160476833263506,0.0908410740507849
"519",571,0.00576720765574082,0.132788048075437,0.0640025061184132,0.148161629419994
"520",572,0.305266224161366,0.10732548624414,0.181770428359514,0.362571688836013
"521",573,0.0739458262764462,0.0627425995369571,0.0752644709959496,0.0680395107772164
"522",574,0.129203660964489,0.0641340321841936,0.0759925181994285,0.137905219024418
"523",575,0.358599187702163,0.209616869443585,0.240812814079713,0.208918161894171
"524",578,0.0116078389781365,0.144005089806716,0.259975788448444,0.314011072106564
"525",579,0.0274443119706145,0.0953907610280164,0.0755227812563304,0.0976823044723
"526",580,0.250669788313818,0.101509859676611,0.10775179599388,0.249384721874204
"527",582,0.198540990131818,0.101039985037001,0.140900446008358,0.0903764823123138
"528",583,0.0640128715370474,0.0666340064666353,0.0415900333401458,0.158861410815089
"529",584,0.0137980626278524,0.172574788709458,0.134534330360997,0.192566824968445
"530",585,0.144144403370203,0.0683205202888027,0.0671806676872115,0.0849075116529014
"531",586,0.365888116296653,0.143377387342427,0.173325415243613,0.231729784097103
"532",587,0.0795640878968126,0.228651233692224,0.192146283738016,0.147651466313566
"533",588,0.198059279450994,0.104046638190518,0.102457733665039,0.146501353201098
"534",589,0.148324288650181,0.128655184503269,0.118802600723659,0.156789389869919
"535",590,0.0429278004157109,0.00286012252858736,0.0978816660107063,0.325815624714978
"536",591,0.194262094282452,0.12027780339892,0.233797088008887,0.18547095643253
"537",592,0.0723781608247278,0.0601433257072255,0.037185335449207,0.167196932660654
"538",593,0.0733841334031518,0.0847177049396996,0.0906252338808194,0.0581312824387428
"539",594,0.117198477695427,0.0512658911365733,0.112423100190589,0.174271093238763
"540",595,0.217515289145574,0.163089555530491,0.184477697567072,0.125751962956457
"541",596,0.310282577239937,0.193607448178289,0.206123179069,0.319935664310642
"542",597,0.151063924434713,0.176980203443369,0.173582207720054,0.19325945212053
"543",598,0.0230496115358571,0.0431505340300429,0.231711056801718,0.134717621945784
"544",599,0.287818999195712,0.192649700785298,0.199251359481303,0.183679296311182
"545",600,0.363017875489649,0.228124206474998,0.283385700884405,0.133306445531155
"546",601,0.273034364258663,0.160807892590197,0.0886936386204453,0.143891054860798
"547",602,0.310232712409781,0.301172798055774,0.244818039144354,0.318781341981226
"548",603,0.0136985589447998,0.00623100271761729,0.00829450704128399,0.192674219547204
"549",604,0.112326325075641,0.109920030538009,0.117797118230922,0.119784411190576
"550",605,0.173030865904195,0.20733551043873,0.26089206607118,0.280275391604202
"551",606,0.159589285736974,0.0941008970510822,0.0919107768195935,0.105736413835067
"552",607,0.250365256586864,0.173788167620823,0.161905660314913,0.150786561453037
"553",608,0.0114770047961679,0.0108034652740165,0.0101664660846825,0.391099502075954
"554",609,0.260406882602461,0.19927893145888,0.135281332092511,0.118033090399136
"555",610,0.0774117583893137,0.0579837700477245,0.0748973580503541,0.0493517805865323
"556",612,NA,NA,NA,NA
"557",614,0.0720247253115041,0.134261950653566,0.0986423741420379,0.168039757856945
"558",615,0.143810652689356,0.0588235821991051,0.0993804266769775,0.196098302264001
"559",616,0.126278483888808,0.118890567605642,0.118909942365275,0.127938213479941
"560",617,0.0583886599156314,0.292407293925357,0.309415749481734,0.280154333375277
"561",618,0.243021703838621,0.113435705433195,0.0800492286110821,0.25228664821858
"562",619,0.222406659712507,0.0895672711325964,0.301312007470365,0.282352721742825
"563",620,0.105596867103462,0.0533640206213899,0.0514611471557996,0.0794098886520734
"564",621,0.0908444250968912,0.00800750147007246,0.00465189733785172,0.351871791876692
"565",622,0.261413313804361,0.147839740685912,0.154673742407929,0.163218131884262
"566",623,0.336905418227217,0.173546929721265,0.23237179684668,0.357673682642153
"567",624,0.216999224205216,0.129332109448055,0.11694532670056,0.165763521908386
"568",626,0.092420461513691,0.0881651766813254,0.110563357913547,0.210335644375232
"569",627,0.00519058976692228,0.127160254394205,0.106161433614166,0.150769123194306
"570",628,0.14613016073539,0.14149221143333,0.131330262214621,0.145845787279257
"571",629,0.191427101997938,0.126137931894048,0.117618362772786,0.158336822840678
"572",630,0.283850187765847,0.137991493993513,0.150303467777092,0.174615870981147
"573",631,0.0997397621236146,0.0372592475139374,0.0986502763215133,0.0948268700786465
"574",632,0.120418670701037,0.0682809863694772,0.244360426872046,0.150001481173507
"575",633,0.182698768769676,0.0392618034382901,0.0898595423485649,0.111078546767618
"576",635,0.172451201794321,0.0629831282406999,0.182605051310531,0.187897866384224
"577",637,0.0264761961948581,0.0471921116369425,0.0223695401938589,0.108272322554348
"578",638,0.214147945170753,0.060511069322865,0.120201407665172,0.204282852785614
"579",639,0.203407364502262,0.0787913308352648,0.0334217401840634,0.293156016170952
"580",640,0.271908639537919,0.142985587102239,0.144430315986211,0.192571264653527
"581",641,0.251092774076887,0.101843522425401,0.184633523954365,0.198580202963888
"582",642,0.239234282917434,0.120448936825802,0.137717350257259,0.191727312708313
"583",643,0.25266824404479,0.0395570834521604,0.102768425853332,0.217493073479986
"584",644,0.214600217996367,0.129187867236675,0.0636320971296885,0.0776174884883613
"585",646,0.270745528372748,0.155845540749773,0.183920905715624,0.160056600149541
"586",648,0.335818637711465,0.29386734180147,0.197589991308616,0.359022750361832
"587",650,0.131458158759008,0.117960314662379,0.0719734114382312,0.186602437478237
"588",651,0.260979170765088,0.139077203691967,0.124654178310484,0.15947348741678
"589",653,0.0234757705398272,0.0908724738275333,0.0208378825880313,0.181927771586501
"590",655,0.13692110477573,0.081444496270596,0.106447533443408,0.15874787268229
"591",656,0.307257167717962,0.23972334745537,0.280531849550219,0.217259503323123
"592",657,0.198346936443343,0.0813982738751635,0.144873016524718,0.20337903359401
"593",658,0.018037807940484,0.0649514756416194,0.0960161206816464,0.139720408021277
"594",659,0.21368753974082,0.139178110764144,0.175397219772163,0.0323606412616601
"595",660,0.0975731632132197,0.0748651794969355,0.110487603897593,0.0537748399545784
"596",661,0.357059231950186,0.0934015951123058,0.108729437094204,0.146926182237435
"597",662,0.0301249160466366,0.119646491926768,0.0551076793773066,0.102064350767807
"598",663,0.0180709224870674,0.0097696816550975,0.0153273469442208,0.138010288066462
"599",664,0.218194785414894,0.0368916647621143,0.0545239182825326,0.0755271674343066
"600",665,0.0994408886887128,0.185633481282365,0.158388715363879,0.170294103821234
"601",666,0.197951972738788,0.156110073683567,0.111191865080756,0.172043577017059
"602",667,0.224849332485457,0.0992111934869021,0.138854928882032,0.14368553044898
"603",668,0.0480426090346945,0.169425925757552,0.143288979286891,0.231634626227034
"604",669,0.232342453419026,0.194133964292874,0.17987340111634,0.121635215379905
"605",670,0.110342732488815,0.0951644696589221,0.139549660109787,0.202040742479204
"606",671,0.126695299551313,0.121561506825224,0.112935992091427,0.249453166830871
"607",672,0.32982759619402,0.220353585407448,0.220266376563086,0.241763226731262
"608",674,0.0971591775312854,0.0976489006925218,0.0418405661729044,0.126804437328339
"609",675,0.182286949963894,0.0935043522362517,0.112804564586068,0.173378709283321
"610",676,0.12717310207078,0.0780156104988041,0.0929045666927171,0.110135498028636
"611",677,0.0365848841318913,0.230093063405613,0.125582183628395,0.219388792323192
"612",678,0.177332775003119,0.136664592154288,0.178303636290541,0.187948398298577
"613",679,0.124928248609935,0.139243285379812,0.080475435644337,0.0958978371952194
"614",680,0.131625477471154,0.110825648661574,0.152586630539651,0.134183470643695
"615",681,0.0778686066253208,0.0839744212155109,0.206684980884178,0.11148989898047
"616",682,0.29233310608361,0.194558829603291,0.167366820332277,0.261567277358658
"617",684,0.154496772132993,0.0863436812015879,0.075916627866564,0.125200493226578
"618",685,0.249860358646935,0.0976525342465301,0.111240550786189,0.148702849242693
"619",686,0.0577872329690593,0.0527371379020833,0.0312539112618236,0.201614093248872
"620",688,0.276034543124933,0.110321731461696,0.13089381503073,0.139533531478593
"621",689,0.244210018835826,0.155674549427202,0.105404713984746,0.243604905303642
"622",691,0.134603144046036,0.0901042169660213,0.104198199456434,0.275835986661096
"623",692,0.118995961516006,0.0922048753401209,0.0619275944475461,0.0937526845488906
"624",694,0.133975480292754,0.186557319937145,0.22127020006249,0.147421238496943
"625",696,0.200854077523609,0.148927885695948,0.118065028902545,0.150076854572825
"626",697,NA,NA,NA,NA
"627",698,0.165300778969677,0.174882420787749,0.213186091207438,0.365694170553031
"628",699,0.0776897471780308,0.0766602467686194,0.116221756871662,0.165636354877309
"629",700,0.00584060651629522,0.0396852950095479,0.101371012339924,0.138791265664077
"630",701,0.0915778074206233,0.0584683022993084,0.0610541920731745,0.102818691915022
"631",702,0.102782981835162,0.229218354967494,0.270923317268251,0.145479894620853
"632",703,0.106798572443834,0.077799695542435,0.105554865553749,0.137306884541118
"633",704,0.317636031041145,0.205244829519107,0.189264888698029,0.152427187015156
"634",705,0.144602219587079,0.0884554344950464,0.0859528299181839,0.163125424507684
"635",706,0.152199612239998,0.0578209913060666,0.128317864189749,0.120863551928039
"636",707,0.135358529770196,0.0567608193063373,0.086156397870477,0.0863082098651349
"637",708,0.0377264141943646,0.0524198938847848,0.0324718223322037,0.068923024640865
"638",709,0.285876549464976,0.207835301026938,0.0952680258209446,0.21461329884261
"639",710,0.101101571605188,0.135575639296538,0.169019699197621,0.138406194879154
"640",712,0.00111846992649989,0.147711802187099,0.126265225341261,0.258993603416419
"641",714,0.139569132020675,0.111216168705378,0.113733017727529,0.186039987799568
"642",715,0.0704537733841019,0.034764529465658,0.0219105665867669,0.234546318379493
"643",716,0.278220446988823,0.230086978030524,0.330660401691101,0.127036801083636
"644",717,0.148316907613178,0.0912305653299202,0.102097987952601,0.135536178282674
"645",718,0.154860255523886,0.111869769390336,0.0418993168889137,0.156678750556309
"646",719,0.169191819191343,0.0675281450749682,0.099745243485122,0.260594142060862
"647",720,0.326013174442834,0.0496196668603541,0.0509290322923751,0.198165688765716
"648",721,0.229583130795867,0.160814814695803,0.225581320614749,0.271098044472867
"649",722,0.0999987127903254,0.0372928637981505,0.0372150523681644,0.148209758776205
"650",723,0.0709469284492465,0.122334119439012,0.117671091060446,0.199736536605197
"651",724,0.180562081880943,0.125957883561114,0.172835657262644,0.318031067753405
"652",725,0.150570693763928,0.126079690302362,0.15942518774335,0.301257022401598
"653",726,0.0583220623068264,0.0518376794039751,0.0804662508278966,0.126762201962103
"654",727,0.175729441366433,0.0981726221673099,0.194071958042002,0.196714078504887
